phase,benchmark,mean_ns,mean_lower_ns,mean_upper_ns,median_ns,median_lower_ns,median_upper_ns,slope_ns,slope_lower_ns,slope_upper_ns
before,rational_solve/dense/dyadic_d8/adapter,31624.91132363707,31567.141019047493,31681.13344582768,31638.98915537587,31557.113239471924,31707.65752449305,31701.713904379598,31654.372395605238,31741.69183041042
before,rational_solve/dense/dyadic_d8/construct,4244.515578289653,4227.1559722882985,4262.6380292681715,4247.807205228917,4222.262041326569,4261.805620091358,4245.64742440506,4223.777315993519,4266.296738856696
before,rational_solve/dense/dyadic_d8/legacy,246066.09231729142,245468.41402553243,246684.08691973658,245753.58726851852,245296.20818636095,246372.4772727273,245715.37120081478,245255.9968902682,246133.50315236388
before,rational_solve/dense/dyadic_d8/prepared,27052.23433953348,27001.157063617236,27098.871154425247,27067.397048819526,27004.148991596638,27126.369724813005,27053.14831066218,27008.441630194677,27102.98266115198
before,rational_solve/dense/rational_d8/adapter,37861.88399055236,37762.33968162367,37974.37014760265,37799.5202692188,37747.27192403336,37959.201242997195,37917.7795902849,37767.36352819268,38092.87035139041
before,rational_solve/dense/rational_d8/construct,5393.41529770002,5369.0101890607975,5416.0815208058075,5387.422714604237,5374.4268369764295,5415.9060293571165,5388.514883739028,5363.456672656344,5416.239730122849
before,rational_solve/dense/rational_d8/legacy,133691.83029887194,133125.3905176847,134442.1426433428,133322.38520408163,133001.5588280767,133626.6917293233,133392.23110545118,133084.02704050465,133745.0460718524
before,rational_solve/dense/rational_d8/prepared,32201.564123215267,32138.341691288602,32261.099648984848,32215.177455533598,32162.325327380953,32311.84140740741,32272.96514436806,32212.385602968618,32320.920794738708
before,rational_solve/diagonal/dyadic_d8/adapter,12518.839554522916,12395.272062888962,12690.955493277643,12394.079510022271,12365.1927655326,12418.379691495506,12445.688613394357,12392.294650478714,12531.269602438013
before,rational_solve/diagonal/dyadic_d8/construct,1799.3878133234718,1791.2411595968827,1807.6282864398652,1802.9598636293197,1784.6574721059974,1809.25509762901,1796.0043630291618,1788.740846467248,1802.4359297994868
before,rational_solve/diagonal/dyadic_d8/legacy,8248.578849979182,8230.552066199129,8266.982222578177,8244.126077678191,8223.137436741661,8265.06161803356,8278.775599900058,8251.557575632372,8299.686135777662
before,rational_solve/diagonal/dyadic_d8/prepared,10473.416835682328,10438.240336659943,10516.344381620156,10443.528144734595,10420.411200716846,10476.207997311827,10510.079877006534,10446.583171747194,10592.3058309679
before,rational_solve/diagonal/rational_d8/adapter,14087.800073364217,14069.606826998439,14107.323087721823,14079.886972704713,14068.526614119593,14107.03581689957,14098.314671691556,14075.415418584536,14123.625723472947
before,rational_solve/diagonal/rational_d8/construct,2204.8561783130376,2194.8058558245134,2215.6410815195673,2198.3377108433733,2190.218184119212,2212.4888391661884,2199.9589657686424,2192.320282884922,2207.432832587659
before,rational_solve/diagonal/rational_d8/legacy,10844.796169155701,10813.222087693335,10877.86906022218,10844.188223443223,10805.61021153846,10885.629830542264,10852.010682707562,10814.948390916055,10889.957770737643
before,rational_solve/diagonal/rational_d8/prepared,11821.363025858216,11794.87690813718,11848.842261161772,11804.418488786952,11788.893971166448,11854.559388102454,11848.610426404164,11813.499242398355,11879.697779456917
before,rational_solve/lower/dyadic_d8/adapter,14956.50030216326,14921.77474274595,14998.04645352297,14928.614613180516,14902.964362464183,14976.596848137535,15013.883309720755,14947.079679667086,15082.500828474367
before,rational_solve/lower/dyadic_d8/construct,3068.05324557446,3051.3607934953366,3085.8555039569346,3063.197000805153,3052.765032206119,3078.5705035302863,3072.734105360505,3047.9259583443995,3098.1137329352878
before,rational_solve/lower/dyadic_d8/legacy,51059.110151826135,50849.52788447944,51267.731679982804,51177.7145020334,50670.73310367454,51378.45894263217,50824.134911745234,50579.76794640022,51114.640322528714
before,rational_solve/lower/dyadic_d8/prepared,11762.709902907849,11702.673106401313,11828.792347889246,11648.836248332329,11629.064222829387,11832.309426229509,11682.491883805853,11643.635625611654,11732.79086472353
before,rational_solve/lower/rational_d8/adapter,17198.319573937526,17141.32957574487,17261.167164081464,17139.869271533065,17105.973233662888,17175.80164463223,17270.631569437144,17183.18995241056,17353.65947691968
before,rational_solve/lower/rational_d8/construct,4035.7994463646532,4001.522904502824,4064.189889344391,4044.109881638714,4035.2712719897913,4069.570786163522,4060.791813256438,4035.684762234094,4085.1032741368927
before,rational_solve/lower/rational_d8/legacy,63044.22631665707,62865.14065880333,63241.17791602518,63028.77186244176,62855.60291262136,63230.7501618123,62995.94777202179,62809.97543625764,63220.72576133715
before,rational_solve/lower/rational_d8/prepared,13016.917718764464,12963.739241831356,13074.723696060348,12982.036471774194,12917.17159090909,13035.404821908602,13077.991709455655,13011.667906453102,13146.369079953858
before,rational_solve/permuted_lower/dyadic_d8/adapter,16764.177199388658,16712.256119527472,16816.95039367853,16776.387276785714,16696.553741071428,16838.870738636364,16767.45012394236,16707.01115110839,16824.266975438437
before,rational_solve/permuted_lower/dyadic_d8/construct,3084.7951727202817,3067.593637488877,3102.147122409976,3085.482923534799,3068.602522984143,3098.695699786325,3077.5927611560833,3049.7280076019206,3109.1322542819016
before,rational_solve/permuted_lower/dyadic_d8/legacy,58165.706940164884,57997.883260194445,58322.69323473974,58183.896205357145,58051.54378434066,58356.19385675466,58160.38470386039,57915.915324894515,58375.31864434166
before,rational_solve/permuted_lower/dyadic_d8/prepared,13465.066425035811,13412.433978850588,13520.039269869154,13438.40220385675,13384.856565954706,13533.476787639238,13510.341123022932,13441.629626196953,13573.709290848708
before,rational_solve/permuted_lower/rational_d8/adapter,19990.807460543474,19933.035561709727,20053.858186917936,19959.227216578387,19887.450419664267,20015.795942556302,20016.50027392153,19955.769439090254,20081.23351299342
before,rational_solve/permuted_lower/rational_d8/construct,4054.2442702306844,4022.3065855390896,4086.1497477643284,4060.243243670886,4006.2238178379166,4112.450430055177,4052.9812822229214,4023.284500432937,4084.385891679588
before,rational_solve/permuted_lower/rational_d8/legacy,69460.1596562642,69171.42952408841,69767.16107182342,69510.30969794834,69147.06695869837,69679.50835866261,69694.68463944552,69249.28863813748,70136.64020265585
before,rational_solve/permuted_lower/rational_d8/prepared,15767.573446010212,15702.189239424348,15852.024486341563,15758.505511731391,15673.668129200896,15798.425681923254,15735.976656672126,15677.882410608854,15793.736170978706
before,rational_solve/permuted_upper/dyadic_d8/adapter,21175.251361674083,21096.755364122113,21256.173913905,21158.20845648604,21095.0444261996,21241.33185301289,21123.201604697388,21018.791290783283,21235.981263686328
before,rational_solve/permuted_upper/dyadic_d8/construct,3257.6220224283056,3235.388623396874,3279.0648535054415,3265.4176081089863,3224.749260953887,3294.497086298932,3266.8450178876906,3252.1142491653736,3281.825295159111
before,rational_solve/permuted_upper/dyadic_d8/legacy,13304.013984447894,13247.73428384906,13366.283365446663,13275.129318656787,13233.860020661157,13356.550176149609,13370.228765225447,13315.645718802794,13425.63469520412
before,rational_solve/permuted_upper/dyadic_d8/prepared,17674.412334974983,17630.30997379099,17719.769795189557,17661.069156804733,17603.917955685618,17707.486683455434,17718.071213846968,17661.56284043956,17775.42233365249
before,rational_solve/permuted_upper/rational_d2/adapter,1361.7878134344544,1357.1006285510489,1366.746592325509,1360.8226879222973,1354.373267408033,1365.9545841879826,1367.484598743872,1359.9104866162186,1374.8919338318403
before,rational_solve/permuted_upper/rational_d2/construct,381.20441761383506,379.239660896861,383.23875007503653,380.37691691293674,378.3677739076818,382.98295986438734,380.1810528143587,377.8715861993749,382.87842850677987
before,rational_solve/permuted_upper/rational_d2/legacy,804.4031729707822,802.4717746917039,806.3881622487329,803.985538069649,801.7419404316033,806.6026076779026,805.8544288306988,803.1944843399214,808.5486024698212
before,rational_solve/permuted_upper/rational_d2/prepared,879.471466868761,873.1949037751276,887.6493442972027,873.3711929982721,869.0059048906919,882.590655382248,874.9149810300312,870.1959360362735,880.4672076490912
before,rational_solve/permuted_upper/rational_d3/adapter,2803.7643851760045,2796.963144497497,2810.3456382858253,2805.913408762198,2799.533618233618,2811.287037037037,2797.590107480797,2788.5711049864763,2807.2187784982057
before,rational_solve/permuted_upper/rational_d3/construct,715.3091025143024,712.7201334068936,717.969369881037,715.0239553481263,712.6283883392557,718.2227018239813,714.4219085150096,711.2410673716075,717.7728481159323
before,rational_solve/permuted_upper/rational_d3/legacy,1921.0988413018729,1907.0258838673658,1937.0933908124598,1902.6517429839234,1894.3729965532098,1927.476995753062,1898.392103967158,1893.6828615752775,1905.5082772615456
before,rational_solve/permuted_upper/rational_d3/prepared,1930.3374651608133,1924.601081742322,1935.8186704564378,1932.8539998007573,1926.1574812704207,1936.5715481171546,1933.292043350024,1928.7896611569113,1937.36802081981
before,rational_solve/permuted_upper/rational_d4/adapter,4888.480471035145,4879.3457355482315,4897.494698618182,4887.748286722097,4880.383974881688,4897.720151171579,4894.647946412832,4886.802386175846,4903.07704589503
before,rational_solve/permuted_upper/rational_d4/construct,1017.2226911492722,1005.5661901966146,1028.1621933936328,1026.131067769615,1001.395933448443,1038.2104350603277,1028.7048482297962,1016.1371411645445,1039.8705178159948
before,rational_solve/permuted_upper/rational_d4/legacy,3463.502871941212,3452.017266729242,3474.668124456448,3469.1665477127744,3446.8380775340684,3477.799498197408,3461.5356677962914,3450.402054393117,3472.7300627956056
before,rational_solve/permuted_upper/rational_d4/prepared,3636.6498866831744,3629.0997805853676,3644.12724599786,3635.6769323534954,3629.9188913227813,3647.572781232335,3639.7229964674534,3631.193289110029,3647.291374637256
before,rational_solve/permuted_upper/rational_d5/adapter,8017.616645424604,8001.865484338702,8032.929554191468,8023.18294811702,8005.228740315171,8033.987411287597,8025.526415414567,8010.539790864789,8043.052524606827
before,rational_solve/permuted_upper/rational_d5/construct,1502.8344202982557,1494.0828001624081,1511.9942581656994,1499.8464199891941,1484.9668628439101,1513.6283194899393,1502.7186151578283,1491.1973173478084,1514.4074063108549
before,rational_solve/permuted_upper/rational_d5/legacy,5964.310536199523,5824.526765363795,6098.5331427605,6273.693377949982,5563.492698887938,6304.056254374368,5680.90426345315,5598.8284877780925,5811.44054471179
before,rational_solve/permuted_upper/rational_d5/prepared,6342.45992528321,6332.492011847096,6352.534824038,6343.6334945342805,6326.953912901114,6354.210422479404,6346.1978259130465,6332.308700862106,6361.1011497140325
before,rational_solve/permuted_upper/rational_d6/adapter,12103.167835429218,12042.69509473158,12170.074204150367,12081.28592883549,12001.873756711557,12142.15233034064,12153.097393725116,12099.3212576175,12216.858765054247
before,rational_solve/permuted_upper/rational_d6/construct,2095.6983365540486,2084.285341712498,2106.350168427,2095.2814400318084,2084.52295077494,2114.3496916612094,2094.100724210812,2081.8125084245066,2108.4192315032396
before,rational_solve/permuted_upper/rational_d6/legacy,8116.58261338636,8099.6145460907865,8134.425961319216,8101.595665829145,8092.041064698493,8135.322155419957,8118.5866226957105,8096.159470896067,8144.418985283351
before,rational_solve/permuted_upper/rational_d6/prepared,9608.906181302971,9592.810102456491,9624.690124533483,9614.352735975695,9593.593400479342,9636.694841122651,9623.673504355318,9606.300687314197,9637.933996451042
before,rational_solve/permuted_upper/rational_d7/adapter,18276.685208024275,18230.491269090206,18322.11014163449,18282.734414017417,18242.16744233104,18337.785545081566,18320.443530485092,18288.350264559234,18351.911253879254
before,rational_solve/permuted_upper/rational_d7/construct,2829.519027307493,2809.2186866490333,2846.3255893114674,2834.8107692307694,2828.3193354264786,2855.5040384615386,2836.371743818318,2819.2737207886776,2849.5380934809987
before,rational_solve/permuted_upper/rational_d7/legacy,11199.612223021917,11171.495959466196,11228.954784992045,11197.688307155324,11165.893906340896,11218.1145492138,11190.060711388473,11167.68678802821,11213.936865595655
before,rational_solve/permuted_upper/rational_d7/prepared,15351.723676367223,15310.972280993019,15392.142971377645,15359.343115806143,15317.277513855899,15377.82305343113,15380.208671906305,15350.659826849089,15410.773229612214
before,rational_solve/permuted_upper/rational_d8/adapter,25705.599591734717,25629.284225093812,25788.736505567915,25692.89437905844,25586.237133984032,25765.534660218254,25695.9081797235,25601.748059789512,25794.45324738021
before,rational_solve/permuted_upper/rational_d8/construct,3766.222887495829,3734.8387451894923,3799.4321387933337,3750.9638569060526,3720.3192791968277,3796.879445738691,3763.6917499346287,3728.676116944627,3804.6458022537663
before,rational_solve/permuted_upper/rational_d8/legacy,15141.680568621923,15061.4254993065,15232.738155632209,15102.152824614634,15028.036429436095,15186.525199793761,15043.66493256002,14965.191165309941,15143.91821182098
before,rational_solve/permuted_upper/rational_d8/prepared,22021.7267427284,21955.05661968337,22089.71747964152,22011.277391632982,21933.387100025197,22126.090978664193,21971.498101281763,21919.240787792223,22025.8690734893
before,rational_solve/sparse/dyadic_d8/adapter,22606.439147204786,22532.352229575783,22683.18463783076,22572.458555483947,22495.134814365727,22674.729652817303,22594.11021171791,22514.28964251838,22683.873111041543
before,rational_solve/sparse/dyadic_d8/construct,2516.329079451943,2503.7767777437243,2529.335245690621,2506.6908695078882,2500.0232166402957,2529.0901907061957,2513.725710309996,2498.0980341716518,2531.3895645235907
before,rational_solve/sparse/dyadic_d8/legacy,53884.113491327436,53684.06245486714,54096.80033809972,53820.05903880071,53627.152170138885,54048.57827380953,53764.521609377756,53596.85529206207,53987.29944915419
before,rational_solve/sparse/dyadic_d8/prepared,20154.962582091783,20003.96648702073,20353.522777422655,20009.164755244754,19918.81449230769,20146.142980769233,20021.276977097994,19946.018171326283,20133.27055691734
before,rational_solve/sparse/rational_d8/adapter,25507.407357603548,25407.81121670181,25608.61155150841,25500.835507246375,25393.1625,25546.584002229654,25543.759761340905,25412.16235497039,25674.498673672126
before,rational_solve/sparse/rational_d8/construct,3537.5240331377686,3523.5268726189042,3551.959054092276,3532.4,3518.817964292288,3544.3287809068042,3548.8970555109922,3531.7196811944823,3567.273547299627
before,rational_solve/sparse/rational_d8/legacy,65680.4356219691,65386.625607128815,66012.03789487589,65615.14954545454,65219.01287878788,65775.6911790317,65423.423135639845,65182.08298932901,65641.37547793654
before,rational_solve/sparse/rational_d8/prepared,22023.646048448478,21956.862770564363,22089.848455768486,22040.396241709655,21928.532218523003,22099.73538135593,22032.494096747305,21953.270901979377,22112.379603301164
before,rational_solve/upper/dyadic_d8/adapter,21210.43858621128,21147.38873509742,21277.43651362438,21196.202091254752,21142.612040557666,21228.832509505704,21238.229380716744,21148.0097039687,21351.188261729127
before,rational_solve/upper/dyadic_d8/construct,3219.7462026137537,3205.3143555334823,3234.351963399195,3214.5327999068604,3202.0560966810967,3235.4658674658676,3219.3592780038575,3205.6630393234072,3233.7641185420316
before,rational_solve/upper/dyadic_d8/legacy,13397.055591558748,13332.205941574939,13467.39844364627,13372.49443298969,13329.485523273976,13406.489370778529,13322.787570859253,13262.703936103439,13388.421947280352
before,rational_solve/upper/dyadic_d8/prepared,17431.984951371753,17395.668057937455,17466.07149954567,17425.358537467233,17405.709473109473,17494.480157657657,17476.09335915503,17438.829550700328,17510.304453695167
before,rational_solve/upper/rational_d8/adapter,25516.283838145213,25460.730518121745,25563.974069937398,25536.415801570583,25490.743620916528,25549.729387897056,25547.9819133992,25503.802861065724,25605.415195816702
before,rational_solve/upper/rational_d8/construct,3703.1286900079012,3679.1734383587604,3728.4132046674536,3687.3921554533254,3657.060383020629,3731.034394162054,3707.430499058979,3676.7890238966875,3738.3158056622915
before,rational_solve/upper/rational_d8/legacy,14915.916199421308,14877.535383378276,14955.348069453847,14923.88619047619,14870.200096826586,14943.64318081344,14843.828061780849,14812.565733325317,14879.357821154195
before,rational_solve/upper/rational_d8/prepared,21777.415011558867,21702.900928196428,21852.09514967007,21782.517565359478,21678.272446689112,21844.422096205722,21671.28990593401,21579.86383541857,21769.753169225776
final,rational_solve/dense/dyadic_d8/adapter,32185.55090560868,32102.70979084135,32265.024661561307,32199.564081996436,32133.28267512539,32280.5852677848,32114.584717929287,32017.722268990605,32214.579409011756
final,rational_solve/dense/dyadic_d8/construct,4246.0789148649055,4229.669234805034,4262.823055948628,4243.148770764119,4225.401495016611,4257.136323366556,4243.000328747292,4221.69059068862,4265.299491390592
final,rational_solve/dense/dyadic_d8/legacy,236077.7114560128,235018.29094401072,237058.48201310096,236654.14447757322,235776.3410808768,237413.45294117648,236421.1334781295,235687.56968032563,237121.02029734885
final,rational_solve/dense/dyadic_d8/prepared,27249.317021293053,27089.39218000229,27419.29144639204,27242.464017815284,27128.93175105485,27395.31188575138,27368.10442759061,27094.3224800248,27682.459186243123
final,rational_solve/dense/rational_d8/adapter,37769.808025629296,37624.59183074795,37916.66082067126,37736.94169238683,37622.555739014075,37911.0414454079,37957.10256380124,37839.45787862982,38085.02368856691
final,rational_solve/dense/rational_d8/construct,5400.4697896163025,5369.706192698205,5430.392309673292,5402.932908666426,5356.14787135941,5455.664243040497,5412.812853249342,5372.166660379083,5446.300940453979
final,rational_solve/dense/rational_d8/legacy,132646.33604348372,132207.50852524512,133132.87943931826,132736.43241758243,132241.62833333333,133002.9174228675,132982.3163109466,132699.17097947162,133248.1386124063
final,rational_solve/dense/rational_d8/prepared,32201.350480809935,32080.803643771662,32330.74412531361,32197.64967967385,32104.954137199435,32296.823294829483,32070.6773444822,31931.32911583467,32242.13733412285
final,rational_solve/diagonal/dyadic_d8/adapter,2652.7094702330623,2647.898852750532,2657.4718878067765,2653.1027561048204,2649.056658983991,2658.3034100246505,2649.263218410783,2644.0621212274286,2654.580908377388
final,rational_solve/diagonal/dyadic_d8/construct,1811.6016432875945,1806.3578396813452,1816.566448682765,1811.7433347481608,1807.0825649098851,1815.896319680249,1812.8509209770643,1809.0391043158013,1816.6843701629753
final,rational_solve/diagonal/dyadic_d8/legacy,8409.610061104531,8390.459888978694,8428.621279427196,8415.345479065205,8399.189003778596,8436.851061698719,8391.179968298298,8365.82547572206,8415.199735992148
final,rational_solve/diagonal/dyadic_d8/prepared,672.3156020240203,670.563640111406,674.0521840454152,672.6845297040999,671.2713102354742,674.1236762873755,670.4084489103833,668.8344594935004,671.9493416672283
final,rational_solve/diagonal/rational_d8/adapter,3230.8955540636584,3221.4280905669884,3240.1952650851417,3233.91591481278,3218.946747603595,3242.647669100369,3235.239820626991,3224.627427135828,3246.3074608228153
final,rational_solve/diagonal/rational_d8/construct,2227.4959686169,2216.0883464250765,2238.713875982699,2231.391395934677,2222.3092668991476,2236.206374218207,2224.9482416435117,2214.3749440995066,2234.2376744444705
final,rational_solve/diagonal/rational_d8/legacy,10954.04773946796,10899.388524730815,10997.375199233893,10985.052966101695,10961.829096045198,11011.011884951207,10998.684339735948,10977.4001864167,11020.769954385982
final,rational_solve/diagonal/rational_d8/prepared,818.9292138700222,812.105647354498,825.3371976576569,821.1281411149498,814.2531155119134,834.854124386944,820.0269025942265,812.073638973987,828.1135892118932
final,rational_solve/lower/dyadic_d8/adapter,5455.786222018174,5434.524673983913,5477.39112226459,5448.417820123878,5420.869970361056,5491.406244921176,5476.894833800488,5450.356437733834,5500.885340939732
final,rational_solve/lower/dyadic_d8/construct,3074.319739699939,3061.4027421930377,3088.1227397672774,3061.380729058731,3051.0888269658526,3088.954912416587,3058.9285981108646,3046.3250790205193,3072.6662664976448
final,rational_solve/lower/dyadic_d8/legacy,50427.35496474514,50196.65043264351,50649.7872905957,50432.20349702381,50229.77613425926,50848.23958333333,50342.20839255024,50150.72345757973,50567.40922464043
final,rational_solve/lower/dyadic_d8/prepared,2218.607758205298,2201.2113939030737,2238.3159838469633,2205.070514620978,2195.7297597699244,2227.843163753974,2214.7626142079407,2203.87952258761,2225.22776858078
final,rational_solve/lower/rational_d8/adapter,6138.243242922052,6124.331292503215,6151.756061992739,6141.759263685291,6118.450994263862,6155.047804662017,6136.69167516858,6118.98696657754,6153.565971029802
final,rational_solve/lower/rational_d8/construct,4055.8328717413024,4018.040051572009,4086.36541695855,4072.9195018500136,4032.162409537742,4108.721558825953,4094.8996985087124,4071.5929643121203,4112.655979280955
final,rational_solve/lower/rational_d8/legacy,63832.83730939847,63595.15482941342,64067.332333396036,63938.60024752475,63602.99369936994,64225.40577557756,63624.023605300776,63320.199401192855,63934.61578395659
final,rational_solve/lower/rational_d8/prepared,1732.3635755148557,1723.6330701600825,1740.849040698602,1735.1982874803668,1722.1856429548566,1747.0719334245327,1746.7776792510567,1739.7019524617394,1752.4933790841199
final,rational_solve/permuted_lower/dyadic_d8/adapter,5485.318274636466,5461.113018001471,5509.877273346959,5486.288366589138,5454.91197753023,5508.47501812669,5515.0255882167685,5477.9347606629835,5549.049270152568
final,rational_solve/permuted_lower/dyadic_d8/construct,3081.1757638677695,3063.373042932276,3101.630997741741,3061.303554767476,3050.8823216548976,3083.793064231396,3068.39126797337,3054.4286584889333,3084.7880158550292
final,rational_solve/permuted_lower/dyadic_d8/legacy,57332.358412936446,57143.39773395651,57517.226949036136,57419.470411492686,57119.81716814159,57641.28871681416,57589.074583378184,57341.4088610449,57807.701963446765
final,rational_solve/permuted_lower/dyadic_d8/prepared,2221.3915886445584,2213.3542587833763,2229.189185355299,2223.5784734458716,2213.9953340694938,2229.558731265249,2216.915905744202,2203.0474868788783,2230.4332522659556
final,rational_solve/permuted_lower/rational_d8/adapter,6141.631394430079,6124.78538808029,6158.298231824939,6147.735945451654,6124.801985925573,6165.6939372203215,6153.902814658426,6129.747436040664,6178.11068784878
final,rational_solve/permuted_lower/rational_d8/construct,4005.901688979295,3984.9081302795266,4025.368396278507,4008.4069959030994,4002.6519415746347,4029.8864045693845,4011.2127206441855,3986.925752241517,4030.419077748059
final,rational_solve/permuted_lower/rational_d8/legacy,68182.96103844576,67900.12450190813,68465.90741666105,68231.06246345029,67672.45649122808,68586.67089473683,68309.53033594033,68003.62273883435,68597.14750514542
final,rational_solve/permuted_lower/rational_d8/prepared,1712.7504991337303,1700.2355319012786,1725.7982614669008,1704.7014533916736,1685.165990506896,1726.665997285662,1741.6260359387818,1725.010774233198,1754.6355916272612
final,rational_solve/permuted_upper/dyadic_d8/adapter,5691.384099539028,5675.870365338928,5708.42664993128,5685.868157661647,5664.179251550044,5704.68470922346,5710.008984987393,5686.429121114151,5734.587337817723
final,rational_solve/permuted_upper/dyadic_d8/construct,3232.711833127026,3222.212187253367,3242.9646246396196,3235.539761754828,3225.233862300588,3246.495475729809,3244.547066083943,3235.615228853396,3255.1951743863633
final,rational_solve/permuted_upper/dyadic_d8/legacy,13274.540448720278,13231.194645563413,13316.74617739495,13271.168609566663,13209.776169740437,13358.099706685953,13283.38992466472,13241.057032578743,13325.352023744537
final,rational_solve/permuted_upper/dyadic_d8/prepared,2195.316532227265,2187.40840699594,2202.7961380108054,2200.363713984103,2187.6550180523027,2206.5986566484517,2191.1277052214546,2180.642716487583,2203.257175084263
final,rational_solve/permuted_upper/rational_d2/adapter,712.5461899089065,710.9831772264167,714.3522762074095,711.9141464395195,710.7411602120119,713.1033191530271,711.3911299954777,709.9715512087159,712.8918726881597
final,rational_solve/permuted_upper/rational_d2/construct,383.9315327893788,381.8458844069054,385.9842843759328,384.1162360539622,382.3894500215557,388.0710730977945,383.8063939660047,381.53156036972877,385.74080329101696
final,rational_solve/permuted_upper/rational_d2/legacy,803.7586489410916,800.8085705049941,806.9014368417793,803.6195758141464,798.6884822085196,805.9141468985277,802.6956928324882,798.9213133746578,807.2267707993141
final,rational_solve/permuted_upper/rational_d2/prepared,233.29778682330615,232.54093970257622,234.00969451258214,233.52353645189987,232.5353661667497,234.56700354101343,233.85755680373333,233.27889484550727,234.37535026489624
final,rational_solve/permuted_upper/rational_d3/adapter,1228.9215834823779,1227.1529897102496,1230.9117802340393,1227.9694477576336,1226.9805667814198,1230.2129770992365,1228.9584214297536,1226.951346487991,1231.1234474317616
final,rational_solve/permuted_upper/rational_d3/construct,709.4517969504321,706.2272782932757,712.6692550037369,708.984460540998,704.8137700058224,712.3471633603228,710.1374881399911,706.9019121439771,713.511771686866
final,rational_solve/permuted_upper/rational_d3/legacy,1845.0860498596026,1837.6662494455766,1852.3548306122984,1847.7004898966416,1840.9873264886082,1854.1088630416746,1853.4819205881968,1845.6516047304387,1864.6987898186976
final,rational_solve/permuted_upper/rational_d3/prepared,402.66356973456146,399.7494386442405,407.0367872455792,400.39837549603175,398.58203354644326,401.3586799028822,401.6061047644754,399.1315060431645,405.8087681204805
final,rational_solve/permuted_upper/rational_d4/adapter,1877.8299994402294,1873.0508234419506,1882.5723774762248,1878.2352452684436,1870.927435869261,1885.1907279423936,1880.9280160398741,1877.064096144922,1885.030087511798
final,rational_solve/permuted_upper/rational_d4/construct,1039.0417057920245,1032.4246107030401,1045.4155475683351,1042.9003433744342,1036.1918387874375,1047.1381145621976,1041.2979598183736,1031.9057451001916,1051.6405499206555
final,rational_solve/permuted_upper/rational_d4/legacy,3412.663891007163,3397.26414201971,3427.850997441083,3411.8844593071317,3399.212947465183,3435.4109021567597,3422.075875732414,3405.620340684993,3440.2106044869424
final,rational_solve/permuted_upper/rational_d4/prepared,660.9021783288331,659.1898514685506,662.6218098635314,660.8215694130788,657.9903811830699,663.3865159063273,659.3822852552322,657.9113514834631,661.0656664499453
final,rational_solve/permuted_upper/rational_d5/adapter,2632.5309730024464,2628.242824663009,2636.9416260642374,2632.8904301519633,2628.15172195553,2637.056130734876,2629.908778746173,2624.786161978124,2635.2323203599417
final,rational_solve/permuted_upper/rational_d5/construct,1510.06198024276,1502.4193589386123,1517.1417521243582,1511.757645771066,1505.4464729055953,1521.1535878179363,1513.2967554015706,1505.9086133575806,1519.8297873614576
final,rational_solve/permuted_upper/rational_d5/legacy,5979.104175930593,5870.692666554126,6085.428139960564,6183.255337318531,5667.193162598888,6224.962969273467,5752.255406322636,5686.83698041974,5855.080197491214
final,rational_solve/permuted_upper/rational_d5/prepared,927.188302428084,923.5142509845347,930.8212359937249,927.7217516762453,921.8666199712644,933.2008317022044,928.0407971668582,923.795609833036,931.8160093339646
final,rational_solve/permuted_upper/rational_d6/adapter,3723.750859756888,3680.198046464794,3767.7514680174068,3778.2605335718945,3603.17756339464,3805.038991144651,3796.2172249555497,3761.4498430220515,3824.630033410094
final,rational_solve/permuted_upper/rational_d6/construct,2128.1625684855844,2117.9885785424467,2139.7970467804475,2122.322050322001,2112.6232907742997,2133.7150195358117,2124.473910912438,2114.444313500769,2137.3997272322713
final,rational_solve/permuted_upper/rational_d6/legacy,8125.826637241449,8097.917079517626,8153.610555270783,8135.953760345448,8078.822055897286,8176.064003463476,8098.3380023630425,8074.398098709418,8128.943589462641
final,rational_solve/permuted_upper/rational_d6/prepared,1199.7557944565715,1196.2767265921873,1203.158036657489,1200.3876828523642,1196.3246863965805,1203.7990803178732,1199.258966351533,1195.6876629848557,1203.0133317581924
final,rational_solve/permuted_upper/rational_d7/adapter,4687.446422537523,4676.224765628901,4698.360275097312,4694.427749031712,4673.795820797455,4700.723930264114,4689.594884917165,4674.9790713903785,4702.82831983535
final,rational_solve/permuted_upper/rational_d7/construct,2872.722177869692,2860.148342391687,2886.2813640003355,2863.298256574452,2854.7315927006935,2880.2572194571585,2863.0375974204376,2850.9607100374983,2875.8667926505464
final,rational_solve/permuted_upper/rational_d7/legacy,11253.24927246335,11215.191875578208,11290.551838866426,11249.775963488843,11205.998980474542,11288.890051903114,11276.272839291563,11239.353887167375,11318.668448678078
final,rational_solve/permuted_upper/rational_d7/prepared,1533.054641115257,1527.9466837732593,1538.1015675648773,1534.6367059200513,1527.455350705531,1541.5307255963348,1540.7324296738964,1534.586740554492,1545.4828369147444
final,rational_solve/permuted_upper/rational_d8/adapter,6041.129258196896,6017.624509843646,6063.894507167213,6058.381706274192,6031.445397702486,6073.740692344045,6043.959133753658,6004.0632538542695,6083.848879395705
final,rational_solve/permuted_upper/rational_d8/construct,3769.8754759865897,3744.437941617276,3797.724698916426,3756.986600986528,3736.153508223593,3786.7560511730026,3749.4529442109556,3732.889983871478,3766.054412886626
final,rational_solve/permuted_upper/rational_d8/legacy,14921.962799399242,14856.019132902333,14981.383732294815,14949.030957854406,14899.23637718178,15016.258365261812,14939.33896290353,14864.817203222521,15003.106066580189
final,rational_solve/permuted_upper/rational_d8/prepared,1974.6352835366101,1968.4019063051662,1979.8297175633213,1978.3607162477683,1974.3451079205097,1981.6579244858972,1979.3562489745518,1975.147293485815,1983.1709908348346
final,rational_solve/sparse/dyadic_d8/adapter,22670.74716718546,22601.659693193786,22736.63278398749,22714.09784012629,22614.35802238806,22762.093550106612,22553.02769165805,22468.25917539031,22657.495712577856
final,rational_solve/sparse/dyadic_d8/construct,2512.06365531903,2501.704839571474,2522.999066375331,2507.116866215976,2499.0276534658565,2522.823624312739,2502.518094837944,2492.060826423235,2513.7767683852103
final,rational_solve/sparse/dyadic_d8/legacy,53287.643135480066,53116.62300373489,53450.91462249429,53386.82081056466,53130.01209016393,53557.242074493726,53329.436475626564,53083.20766230367,53563.07325534965
final,rational_solve/sparse/dyadic_d8/prepared,19877.716650676728,19812.91258892995,19945.038044161065,19880.953677498972,19745.71158974359,19961.482420656266,20021.736984745556,19933.941309492795,20092.73457779618
final,rational_solve/sparse/rational_d8/adapter,25085.202206822487,25001.025268023855,25167.571646575536,25174.22414494596,24940.92422520661,25217.37628448992,25210.473599171368,25110.057898419604,25285.802784750096
final,rational_solve/sparse/rational_d8/construct,3552.6147129093383,3539.0535460174015,3566.2887643153144,3550.2940051731443,3543.2286725014974,3561.5382174392935,3553.1948128873496,3538.883613948327,3569.1759568327166
final,rational_solve/sparse/rational_d8/legacy,61122.48483474802,60840.957801056335,61370.08431868524,61270.772429906545,61065.55257009346,61458.64209068882,61492.3672694564,61323.79764344834,61649.64791429814
final,rational_solve/sparse/rational_d8/prepared,21329.598343447047,21272.947577796134,21380.27236807592,21374.297279145576,21300.003714529288,21400.82084076055,21385.55880486515,21344.46129112416,21422.095376114044
final,rational_solve/upper/dyadic_d8/adapter,5773.613235357948,5754.559214845829,5792.276098372789,5779.2271693013845,5767.011776905829,5798.780495408926,5791.502305895521,5780.904239385569,5801.505623649004
final,rational_solve/upper/dyadic_d8/construct,3261.803058672333,3248.811066269789,3275.1550526505,3258.4608743212093,3238.624825536557,3274.3911420671197,3268.9899800154644,3252.725380473788,3286.059692971005
final,rational_solve/upper/dyadic_d8/legacy,13317.197865344364,13284.690278997268,13349.36137208796,13337.759105983532,13275.675207039338,13364.760869565216,13334.262468727864,13287.947107123526,13378.146723768483
final,rational_solve/upper/dyadic_d8/prepared,2206.7266579044694,2200.954861130532,2211.901813475465,2207.7907600105373,2204.745971521269,2215.6057031963473,2209.1992507044906,2205.226655859044,2212.546765506047
final,rational_solve/upper/rational_d8/adapter,6084.9559014155675,6069.097017720707,6100.628149880166,6079.524591151072,6065.40798755763,6107.820331226847,6088.188889071987,6071.205822451232,6104.077398117859
final,rational_solve/upper/rational_d8/construct,3718.1201734500864,3695.882568151971,3737.7084155525968,3725.1879136625193,3696.90400398338,3740.8193812025684,3724.5878745389027,3703.7415973693587,3748.6409846454653
final,rational_solve/upper/rational_d8/legacy,14951.029112480639,14895.353432211257,15003.216246539921,14968.547447740866,14884.287967667437,15032.758949191686,14931.847875252044,14878.217286757203,14988.186332145999
final,rational_solve/upper/rational_d8/prepared,1970.977771302845,1965.5397528945707,1976.2132908662336,1969.2914658095583,1966.2619459763418,1978.5588192120251,1974.974882319456,1970.617599794665,1979.5020554465727
