dimension,scenario,operation,mean_ns,mean_lower_95_ns,mean_upper_95_ns,median_ns
3,dense,borrowed_slice,24.044757427811163,23.96872717683724,24.126444372170337,23.925071256717032
3,dense,construct_then_angle,23.28750606679322,23.21785443696957,23.357148373622906,23.29268331469632
3,dense,prepared_vector,22.841420562045528,22.79829055481649,22.88635583962839,22.803507302772374
3,dense,stable_control,26.273605914214862,26.217799558512,26.330507315055005,26.2487643831441
3,mixed_scale,borrowed_slice,15.30276478599275,15.247686406206677,15.359907864211927,15.275864241942159
3,mixed_scale,construct_then_angle,14.605757315798742,14.537428323069372,14.673599567114286,14.63495504558118
3,mixed_scale,prepared_vector,14.432147490229825,14.393966873609113,14.472508426264332,14.39946944812484
3,mixed_scale,stable_control,16.757472976810604,16.718248386217887,16.80135947701878,16.746817742217992
3,near_antipodal,borrowed_slice,21.02225957515738,20.958740669618,21.09776848474936,21.015740022967325
3,near_antipodal,construct_then_angle,19.357935080044733,19.27051121338988,19.46338445556667,19.26117425773133
3,near_antipodal,prepared_vector,19.445603075089483,19.352680407013867,19.56688232119168,19.33559452194823
3,near_antipodal,stable_control,21.55873007957307,21.487171949029054,21.63377302422334,21.444644825001596
3,near_parallel,borrowed_slice,14.432323374910142,14.386415642568766,14.495204442125106,14.389519755466875
3,near_parallel,construct_then_angle,13.671491829204356,13.57500492307621,13.79804498488575,13.633519107170248
3,near_parallel,prepared_vector,13.638612767715921,13.567770386672612,13.70596128854379,13.64836533025051
3,near_parallel,stable_control,21.527628334362426,21.459366489618144,21.59692538070808,21.49822435298691
3,subnormal,borrowed_slice,14.740476411772836,14.687430436870283,14.795697638637487,14.71037298666873
3,subnormal,construct_then_angle,13.663590081677388,13.61875826828666,13.709571640502125,13.638975501350453
3,subnormal,prepared_vector,13.713693674300771,13.64693404135699,13.792678077814017,13.67372705342338
3,subnormal,stable_control,19.97181288775974,19.89538717086877,20.04910289237156,19.973477420615907
4,dense,borrowed_slice,35.77442349663611,35.64788025945155,35.90239707308873,35.77570923883758
4,dense,construct_then_angle,34.13320369505639,33.99819889081878,34.26875083975089,34.1828201758166
4,dense,prepared_vector,33.433523765017526,33.3201933418671,33.552289750867416,33.31266611609122
4,dense,stable_control,39.694045231032064,39.5568036375505,39.82615338217272,39.82442467897509
4,mixed_scale,borrowed_slice,26.47491470117493,26.365766794184633,26.593991090212473,26.52396393407453
4,mixed_scale,construct_then_angle,25.036583924838396,24.923385787730936,25.157771922861016,25.012878968357086
4,mixed_scale,prepared_vector,24.58941444427377,24.49484295500626,24.6782502869349,24.643646042628337
4,mixed_scale,stable_control,22.628117974863294,22.547041912858937,22.707010020410603,22.680587796229364
4,near_antipodal,borrowed_slice,30.1982925729139,30.08432918726746,30.30756910151609,30.31239158438856
4,near_antipodal,construct_then_angle,28.942893136011467,28.83709753311314,29.043894631848083,28.99445919750542
4,near_antipodal,prepared_vector,28.44405591473521,28.30578486574565,28.591037333191522,28.339092752404145
4,near_antipodal,stable_control,27.679088032481985,27.58018832947894,27.776187687948543,27.727492725310988
4,near_parallel,borrowed_slice,25.07220602927602,24.974913618140725,25.165654077072322,25.119645861035906
4,near_parallel,construct_then_angle,23.355681082706937,23.234750527070936,23.468954861823867,23.46235670180068
4,near_parallel,prepared_vector,22.935857365031765,22.84375344406197,23.029824168237376,22.97529993845974
4,near_parallel,stable_control,27.811021944700002,27.706956341647178,27.912753597111866,27.865209144189848
4,subnormal,borrowed_slice,25.208718093422284,25.11934595275765,25.30003915452091,25.199150116895183
4,subnormal,construct_then_angle,23.453908678005522,23.376196351207955,23.527443195577455,23.532319728024763
4,subnormal,prepared_vector,23.048214854199465,22.971272501217054,23.120965649225422,23.138731157260302
4,subnormal,stable_control,25.685260540729818,25.586722205585215,25.78696688908869,25.700675999851445
5,dense,borrowed_slice,50.21230792247874,50.003472126899446,50.4205057753536,50.32127598048259
5,dense,construct_then_angle,47.7131866421077,47.496068499013646,47.92662194279876,47.86639655210911
5,dense,prepared_vector,47.907941337303285,47.734013718609845,48.0766067744899,47.970976792619325
5,dense,stable_control,52.05694769209442,51.828304570613845,52.29140025935555,52.117392015649315
5,mixed_scale,borrowed_slice,36.88286304647753,36.71337705436392,37.09488910187435,36.868553719786206
5,mixed_scale,construct_then_angle,34.955212305113974,34.81493159777361,35.101827697237965,34.847007523777975
5,mixed_scale,prepared_vector,34.865959521320086,34.709444147242934,35.0375325661142,34.65013197544434
5,mixed_scale,stable_control,26.10382620644202,26.016136106912164,26.18790140819811,26.13228303605962
5,near_antipodal,borrowed_slice,40.251067593594364,40.09769350599036,40.388664262656974,40.35185124119596
5,near_antipodal,construct_then_angle,38.64122756645521,38.5141013791224,38.76508400298115,38.722038010024484
5,near_antipodal,prepared_vector,37.88368316486127,37.701302154529046,38.05758461461728,38.04483330303956
5,near_antipodal,stable_control,31.157190085452825,31.034368833228807,31.273055719452707,31.25248075419333
5,near_parallel,borrowed_slice,37.137414219369695,36.987224689847785,37.27324359626875,37.24270919824962
5,near_parallel,construct_then_angle,34.80912449544642,34.655427610310106,34.963906847331224,34.75665479592067
5,near_parallel,prepared_vector,34.79313768403602,34.65130415697007,34.928924121461826,34.92510568058189
5,near_parallel,stable_control,30.929945663847683,30.792055897101303,31.063778731244053,31.034324579033743
5,subnormal,borrowed_slice,36.545034819219055,36.478422162926776,36.6149885970007,36.52886342127161
5,subnormal,construct_then_angle,34.484755633601516,34.408896581727205,34.558120205322496,34.50356805260202
5,subnormal,prepared_vector,34.165022257788955,34.084962550448054,34.24515253120008,34.15710875836518
5,subnormal,stable_control,28.924466991681612,28.83610476921819,29.019961433518446,28.890017199759527
6,dense,borrowed_slice,64.71534575842787,64.57987735477516,64.85753912782191,64.65278026852074
6,dense,construct_then_angle,61.722463555226604,61.48243063180385,62.042098874187005,61.53852536209567
6,dense,prepared_vector,61.32800530064108,61.22711304978483,61.43012194656544,61.367605666879356
6,dense,stable_control,70.77620640125498,70.1784287129427,71.61560229546475,70.19212755244476
6,mixed_scale,borrowed_slice,49.43937676460706,49.33758522705328,49.53288974628501,49.43689018515599
6,mixed_scale,construct_then_angle,46.69998169017386,46.588660225360336,46.822739291682794,46.62237688822377
6,mixed_scale,prepared_vector,46.389160912803106,46.27447575036284,46.518795821625375,46.293310670968864
6,mixed_scale,stable_control,29.63755384305831,29.57489649073615,29.702420994719372,29.617434489340113
6,near_antipodal,borrowed_slice,51.42739152985054,51.31042647411753,51.53261241719617,51.52436893927226
6,near_antipodal,construct_then_angle,49.47683736565757,49.35988515290532,49.59059222981224,49.517531426249874
6,near_antipodal,prepared_vector,49.020881310971596,48.92182617649994,49.11721869995202,49.02842991945303
6,near_antipodal,stable_control,34.4970754603064,34.42982380033939,34.56213773752998,34.50471697283027
6,near_parallel,borrowed_slice,48.67277306443256,48.569445731030015,48.76709099779237,48.725167458856504
6,near_parallel,construct_then_angle,46.41698431168484,46.318188993724384,46.52810640202148,46.37430821811304
6,near_parallel,prepared_vector,45.90771697400903,45.80684959535877,46.01622725540427,45.8935832180687
6,near_parallel,stable_control,34.38639497348735,34.29838649853001,34.484683641189406,34.3689185845282
6,subnormal,borrowed_slice,48.87849987484382,48.785558817306246,48.98935196985629,48.84658469193762
6,subnormal,construct_then_angle,46.306895622810536,46.24115096186821,46.375455258063006,46.28810394564243
6,subnormal,prepared_vector,45.70078609127468,45.59886515913618,45.8061328493051,45.66125525635204
6,subnormal,stable_control,32.813728803246576,32.73599544479398,32.88757883021144,32.83603569259127
