schema_version,suite,scope,benchmark_id,group,benchmark,baseline_benchmark,coverage_status,coverage_note,baseline_median_ns,baseline_ci_lower_ns,baseline_ci_upper_ns,current_median_ns,current_ci_lower_ns,current_ci_upper_ns,baseline_nalgebra_median_ns,baseline_nalgebra_ci_lower_ns,baseline_nalgebra_ci_upper_ns,baseline_faer_median_ns,baseline_faer_ci_lower_ns,baseline_faer_ci_upper_ns
1,exact,release-signal,exact_d2/det,exact_d2,det,det,comparable,,0.43847576051642734,0.43771116413319694,0.44014508325985335,0.43781032284173355,0.43749994941412362,0.43847175207245848,,,,,,
1,exact,release-signal,exact_d2/det_direct,exact_d2,det_direct,det_direct,comparable,,0.43890208644314921,0.43801797286422228,0.44270725973824282,0.43764312485011625,0.43733467617422683,0.43807259563263068,,,,,,
1,exact,release-signal,exact_d2/det_direct_with_errbound,exact_d2,det_direct_with_errbound,det_direct_with_errbound,comparable,,1.7075903619994319,1.7070745586021363,1.7081829879281933,1.7073013705766971,1.7063923650432029,1.7079640536051874,,,,,,
1,exact,release-signal,exact_d2/det_errbound,exact_d2,det_errbound,det_errbound,comparable,,1.6517834250166323,1.6332174430567585,1.6587981067136037,1.61087434662331,1.6106233733633932,1.6110668547700691,,,,,,
1,exact,release-signal,exact_d2/det_exact,exact_d2,det_exact,det_exact,comparable,,110.54949764112055,110.4165319475389,110.67008305854891,100.38341954181654,100.25860606191442,100.45874695478162,,,,,,
1,exact,release-signal,exact_d2/det_exact_f64_result,exact_d2,det_exact_f64_result,det_exact_f64_result,comparable,,71.304186348617947,71.229325899010149,71.450055510936835,73.121377825013496,72.948086424304989,73.239383718656114,,,,,,
1,exact,release-signal,exact_d2/det_exact_rounded_f64,exact_d2,det_exact_rounded_f64,det_exact_rounded_f64,comparable,,72.703499508377547,72.59951086170598,72.749777314686838,73.289869358037024,73.203820533307535,73.427008474114103,,,,,,
1,exact,release-signal,exact_d2/det_sign_exact,exact_d2,det_sign_exact,det_sign_exact,comparable,,2.7246048207347155,2.7235218703696562,2.7252852108085879,2.9727448009384552,2.9711808333049001,2.9736586699857512,,,,,,
1,exact,release-signal,exact_d2/solve_exact,exact_d2,solve_exact,solve_exact,comparable,,7056.9531728461234,7048.471785248601,7067.7650925445423,7103.2365596963427,7091.384964514652,7121.5409461814279,,,,,,
1,exact,release-signal,exact_d2/solve_exact_f64_result,exact_d2,solve_exact_f64_result,solve_exact_f64_result,comparable,,8275.0384273636992,8263.9776154401152,8283.7041208791197,7326.9728648190048,7315.6998400054472,7338.1031082887703,,,,,,
1,exact,release-signal,exact_d2/solve_exact_rounded_f64,exact_d2,solve_exact_rounded_f64,solve_exact_rounded_f64,comparable,,7483.8547297822024,7465.4149807508456,7492.6400165646473,7545.5059447379363,7536.4208012502068,7556.2741779497101,,,,,,
1,exact,release-signal,exact_d3/det,exact_d3,det,det,comparable,,0.81990981412770791,0.81972115749594165,0.82028127659417371,0.82052624144033937,0.81997993744612674,0.82958445547905235,,,,,,
1,exact,release-signal,exact_d3/det_direct,exact_d3,det_direct,det_direct,comparable,,0.81964968537900218,0.81945001634242298,0.81991535627519985,0.84324142759762211,0.84303959411399643,0.84358495741055417,,,,,,
1,exact,release-signal,exact_d3/det_direct_with_errbound,exact_d3,det_direct_with_errbound,det_direct_with_errbound,comparable,,3.3512944612203119,3.3497211362415991,3.3519037902029045,3.3336258051064513,3.3312802100185195,3.3352301728199736,,,,,,
1,exact,release-signal,exact_d3/det_errbound,exact_d3,det_errbound,det_errbound,comparable,,3.2973827287459319,3.2966626351444424,3.2988260711232167,3.301854619913609,3.3007505129873378,3.3025672634616923,,,,,,
1,exact,release-signal,exact_d3/det_exact,exact_d3,det_exact,det_exact,comparable,,370.62103034529622,369.86403420087237,371.50005831882476,338.86892309707798,338.46532875716184,339.38967754065999,,,,,,
1,exact,release-signal,exact_d3/det_exact_f64_result,exact_d3,det_exact_f64_result,det_exact_f64_result,comparable,,338.50625261868208,337.96742945629734,339.20691278680931,313.94135072672867,313.19842787807761,314.39031247687871,,,,,,
1,exact,release-signal,exact_d3/det_exact_rounded_f64,exact_d3,det_exact_rounded_f64,det_exact_rounded_f64,comparable,,340.13469534949354,338.83811393849339,341.23260685502839,317.19259036516161,315.97447107081172,318.18263939812238,,,,,,
1,exact,release-signal,exact_d3/det_sign_exact,exact_d3,det_sign_exact,det_sign_exact,comparable,,4.7070801729224563,4.7034109482681714,4.7087691290113822,4.7057575953196054,4.7022504631143072,4.7075229235872253,,,,,,
1,exact,release-signal,exact_d3/solve_exact,exact_d3,solve_exact,solve_exact,comparable,,30841.786697160282,30782.165945165943,30891.305627705628,30602.107463524131,30507.733471074382,30673.99090909091,,,,,,
1,exact,release-signal,exact_d3/solve_exact_f64_result,exact_d3,solve_exact_f64_result,solve_exact_f64_result,comparable,,32798.861609901651,32755.004207024998,32869.908113391983,30919.162885539889,30857.226107226106,30964.459374999999,,,,,,
1,exact,release-signal,exact_d3/solve_exact_rounded_f64,exact_d3,solve_exact_rounded_f64,solve_exact_rounded_f64,comparable,,31458.357638888891,31348.545350609755,31602.896874999999,31603.564459930312,31551.840401785714,31717.042520491803,,,,,,
1,exact,release-signal,exact_d4/det,exact_d4,det,det,comparable,,3.2107365390289107,3.2073757625246007,3.2123307424659502,3.2078095214172038,3.207275625470412,3.2084480682172294,,,,,,
1,exact,release-signal,exact_d4/det_direct,exact_d4,det_direct,det_direct,comparable,,2.3814746678490781,2.3799999033543298,2.3827086124641079,2.3803328914201023,2.3785431672403856,2.381988121518936,,,,,,
1,exact,release-signal,exact_d4/det_direct_with_errbound,exact_d4,det_direct_with_errbound,det_direct_with_errbound,comparable,,6.8088526372894673,6.8048633104768035,6.8122325535580108,6.8210282612150346,6.8155599899080253,6.8248932760945085,,,,,,
1,exact,release-signal,exact_d4/det_errbound,exact_d4,det_errbound,det_errbound,comparable,,6.7250463620252106,6.7209925754319819,6.7265735516195919,6.7298367344158674,6.7276257639948414,6.7337182030083707,,,,,,
1,exact,release-signal,exact_d4/det_exact,exact_d4,det_exact,det_exact,comparable,,1215.8668534223154,1213.1349449204406,1219.8847409220725,1009.5950009915389,1006.5170470604861,1011.3975830359977,,,,,,
1,exact,release-signal,exact_d4/det_exact_f64_result,exact_d4,det_exact_f64_result,det_exact_f64_result,comparable,,1167.6428712048482,1161.2254407063178,1173.5005889281508,1055.9986747178903,1051.7988398630657,1058.7444400467414,,,,,,
1,exact,release-signal,exact_d4/det_exact_rounded_f64,exact_d4,det_exact_rounded_f64,det_exact_rounded_f64,comparable,,1171.4858209981605,1169.1150100692432,1174.6918181526723,1009.2358341763912,1006.8119404466618,1011.4477925130099,,,,,,
1,exact,release-signal,exact_d4/det_sign_exact,exact_d4,det_sign_exact,det_sign_exact,comparable,,7.7101569447655809,7.7049162037511714,7.7126271970046645,7.9855731158043337,7.9823084066610352,7.9869209777758066,,,,,,
1,exact,release-signal,exact_d4/solve_exact,exact_d4,solve_exact,solve_exact,comparable,,80394.593147906708,80267.512195121948,80493.112213225366,79178.462307692302,79081.101265822785,79340.804668913566,,,,,,
1,exact,release-signal,exact_d4/solve_exact_f64_result,exact_d4,solve_exact_f64_result,solve_exact_f64_result,comparable,,83385.528472222213,83236.689814814818,83625.909226190473,79336.071891630389,79125.994694960216,79496.144230769234,,,,,,
1,exact,release-signal,exact_d4/solve_exact_rounded_f64,exact_d4,solve_exact_rounded_f64,solve_exact_rounded_f64,comparable,,81020.185447936208,80744.581501831504,81523.866337792642,79863.496311907278,79656.368205128209,80046.132107023412,,,,,,
1,exact,release-signal,exact_d5/det,exact_d5,det,det,comparable,,24.706097978590183,24.655587555199386,24.791548754935597,25.043344471514565,24.995479405101708,25.135772398764903,,,,,,
1,exact,release-signal,exact_d5/det_exact,exact_d5,det_exact,det_exact,comparable,,3535.3914879218037,3515.0212893514972,3543.5009720495332,3738.1248015873016,3705.1132756132756,3794.3482912104237,,,,,,
1,exact,release-signal,exact_d5/det_exact_f64_result,exact_d5,det_exact_f64_result,det_exact_f64_result,comparable,,3485.8665144577712,3476.1224682823622,3495.0472987355784,3544.652719389012,3538.9087391774892,3552.1158175750834,,,,,,
1,exact,release-signal,exact_d5/det_exact_rounded_f64,exact_d5,det_exact_rounded_f64,det_exact_rounded_f64,comparable,,3473.9049837486455,3463.680897503592,3483.5478387566782,3605.8623239750445,3595.8873132586368,3610.7112494821872,,,,,,
1,exact,release-signal,exact_d5/det_sign_exact,exact_d5,det_sign_exact,det_sign_exact,comparable,,3580.4706842559199,3569.2386709245743,3589.6393233692506,3704.8721509769766,3697.9076282866836,3710.828306845201,,,,,,
1,exact,release-signal,exact_d5/solve_exact,exact_d5,solve_exact,solve_exact,comparable,,159876.9784053156,159632.96205357142,160238.92712355213,157602.50661810779,157283.09714285715,157888.85194805195,,,,,,
1,exact,release-signal,exact_d5/solve_exact_f64_result,exact_d5,solve_exact_f64_result,solve_exact_f64_result,comparable,,163373.71251822723,162906.96709401708,163708.71428571429,157719.63926056339,157381.78413907666,157932.54017857142,,,,,,
1,exact,release-signal,exact_d5/solve_exact_rounded_f64,exact_d5,solve_exact_rounded_f64,solve_exact_rounded_f64,comparable,,161497.72549019608,161195.44624447718,161731.31150793651,164264.16929499072,163539.79060665361,164868.8833161912,,,,,,
1,exact,release-signal,exact_hilbert_4x4/det_exact,exact_hilbert_4x4,det_exact,det_exact,comparable,,1343.9629729729731,1326.0616085491088,1349.5065170008718,1044.8245046831648,1042.7718832891246,1046.4298433048434,,,,,,
1,exact,release-signal,exact_hilbert_4x4/det_sign_exact,exact_hilbert_4x4,det_sign_exact,det_sign_exact,comparable,,7.7099758023549052,7.7033203757229574,7.7116810442677046,7.9749134894270171,7.972913379580798,7.9763215903555968,,,,,,
1,exact,release-signal,exact_hilbert_4x4/solve_exact,exact_hilbert_4x4,solve_exact,solve_exact,comparable,,60212.504002233807,60125.525210084037,60288.124183006534,59562.646813725485,59472.567873303167,59626.236974789921,,,,,,
1,exact,release-signal,exact_hilbert_4x4/solve_exact_f64_result,exact_hilbert_4x4,solve_exact_f64_result,solve_exact_f64_result,comparable,,62745.329296875003,62653.01067073171,62890.501488095237,59742.618455882359,59589.820713391739,59791.276464619332,,,,,,
1,exact,release-signal,exact_hilbert_4x4/solve_exact_rounded_f64,exact_hilbert_4x4,solve_exact_rounded_f64,solve_exact_rounded_f64,comparable,,61090.857168844777,60948.11294117647,61183.744241053064,60472.540909090909,60259.436470588233,60619.009150326798,,,,,,
1,exact,release-signal,exact_hilbert_5x5/det_exact,exact_hilbert_5x5,det_exact,det_exact,comparable,,3678.9161175072823,3660.1433136369824,3687.5988028606967,3750.008168828238,3738.7509505703424,3755.165599359616,,,,,,
1,exact,release-signal,exact_hilbert_5x5/det_sign_exact,exact_hilbert_5x5,det_sign_exact,det_sign_exact,comparable,,3874.8137319711541,3866.2763923134648,3883.6263427734375,3918.5907546644389,3915.3213383838383,3927.1650396825398,,,,,,
1,exact,release-signal,exact_hilbert_5x5/solve_exact,exact_hilbert_5x5,solve_exact,solve_exact,comparable,,124693.28132387708,124443.84693548387,124966.27499999999,122818.14453584018,122529.32592592592,122952.81481481482,,,,,,
1,exact,release-signal,exact_hilbert_5x5/solve_exact_f64_result,exact_hilbert_5x5,solve_exact_f64_result,solve_exact_f64_result,comparable,,127731.90600755411,127443.08035714286,128189.74266154453,122061.4738379684,121913.71124018705,122401.70015220701,,,,,,
1,exact,release-signal,exact_hilbert_5x5/solve_exact_rounded_f64,exact_hilbert_5x5,solve_exact_rounded_f64,solve_exact_rounded_f64,comparable,,126570.84456663764,126106.27380952382,126930.64945652174,124521.45811362209,124212.54322292695,124643.6507936508,,,,,,
1,exact,release-signal,exact_large_entries_3x3/det_exact,exact_large_entries_3x3,det_exact,det_exact,comparable,,338.46964670112493,337.74453561253563,339.51962945696278,341.60984342356278,340.56924856846678,343.93572909467866,,,,,,
1,exact,release-signal,exact_large_entries_3x3/det_sign_exact,exact_large_entries_3x3,det_sign_exact,det_sign_exact,comparable,,320.81136421991346,319.60410234571845,323.00216143144695,334.89716789992951,334.13514600454624,337.04329802912594,,,,,,
1,exact,release-signal,exact_large_entries_3x3/solve_exact,exact_large_entries_3x3,solve_exact,solve_exact,comparable,,93994.31235047846,93805.538370720184,94257.299334811527,93137.352404352408,92931.473829201102,93303.571428571435,,,,,,
1,exact,release-signal,exact_large_entries_3x3/solve_exact_f64_result,exact_large_entries_3x3,solve_exact_f64_result,solve_exact_f64_result,comparable,,94712.194055944055,94653.409090909088,94795.466324373294,93374.058082477117,93240.587695133145,93459.250338808473,,,,,,
1,exact,release-signal,exact_large_entries_3x3/solve_exact_rounded_f64,exact_large_entries_3x3,solve_exact_rounded_f64,solve_exact_rounded_f64,comparable,,94493.95784163753,94433.555449229127,94605.490621680714,93318.680422647521,93204.670329670334,93376.482345001743,,,,,,
1,exact,release-signal,exact_near_singular_3x3/det_exact,exact_near_singular_3x3,det_exact,det_exact,comparable,,341.96981679675184,341.18232136632975,342.76592927638586,334.52039226635588,333.82858197073244,336.31929809653298,,,,,,
1,exact,release-signal,exact_near_singular_3x3/det_sign_exact,exact_near_singular_3x3,det_sign_exact,det_sign_exact,comparable,,398.25755147433938,394.77626794258373,401.15012291450603,360.9107574552844,360.52249904290721,361.64935837971552,,,,,,
1,exact,release-signal,exact_near_singular_3x3/solve_exact,exact_near_singular_3x3,solve_exact,solve_exact,comparable,,2604.670967959782,2599.2047933943322,2610.9410177894429,2809.473142563902,2799.9518226600985,2813.585387945388,,,,,,
1,exact,release-signal,exact_near_singular_3x3/solve_exact_f64_result,exact_near_singular_3x3,solve_exact_f64_result,solve_exact_f64_result,comparable,,2703.6300498772039,2697.649796195652,2709.8011333510076,2806.3639808864723,2799.1107401864856,2814.8926511781183,,,,,,
1,exact,release-signal,exact_near_singular_3x3/solve_exact_rounded_f64,exact_near_singular_3x3,solve_exact_rounded_f64,solve_exact_rounded_f64,comparable,,2604.1845499181672,2597.2533244680849,2611.2813367252543,2784.0627799740009,2772.294225321421,2800.5754249291786,,,,,,
1,exact,release-signal,exact_random_corpus_d2/det_exact,exact_random_corpus_d2,det_exact,det_exact,comparable,,3119.5967090007298,3116.1174990399131,3122.6309492980781,3157.536648462783,3142.4911003236248,3184.1920967467213,,,,,,
1,exact,release-signal,exact_random_corpus_d2/det_sign_exact,exact_random_corpus_d2,det_sign_exact,det_sign_exact,comparable,,136.37221632196758,135.62830106889038,136.9651415513103,149.87567316277119,148.86689827636766,150.89118172537007,,,,,,
1,exact,release-signal,exact_random_corpus_d2/solve_exact,exact_random_corpus_d2,solve_exact,solve_exact,comparable,,67472.584074074082,67329.504878048785,67587.888888888891,78458.425167224079,78373.113122171941,78647.399646330683,,,,,,
1,exact,release-signal,exact_random_corpus_d2/solve_exact_f64_result,exact_random_corpus_d2,solve_exact_f64_result,solve_exact_f64_result,comparable,,78304.638009049784,77844.556304520229,78737.268634466309,79810.540974650343,79665.217948717953,79956.221719457011,,,,,,
1,exact,release-signal,exact_random_corpus_d2/solve_exact_rounded_f64,exact_random_corpus_d2,solve_exact_rounded_f64,solve_exact_rounded_f64,comparable,,68555.185555555552,68410.072754716981,68680.157142857148,82228.788968174689,82016.566119273979,82365.146248812918,,,,,,
1,exact,release-signal,exact_random_corpus_d3/det_exact,exact_random_corpus_d3,det_exact,det_exact,comparable,,8346.2073986194991,8075.079751923844,8636.4508196721308,8469.8414305447641,8444.4969860548808,8491.3909327387591,,,,,,
1,exact,release-signal,exact_random_corpus_d3/det_sign_exact,exact_random_corpus_d3,det_sign_exact,det_sign_exact,comparable,,225.10667868649509,224.97792444242148,225.20942844138111,227.85050023693248,227.4222421578753,228.3404107611729,,,,,,
1,exact,release-signal,exact_random_corpus_d3/solve_exact,exact_random_corpus_d3,solve_exact,solve_exact,comparable,,214235.25767112512,213804.48615384614,214549.53333333333,239624.88788907754,239139.02666666667,240192.04545454544,,,,,,
1,exact,release-signal,exact_random_corpus_d3/solve_exact_f64_result,exact_random_corpus_d3,solve_exact_f64_result,solve_exact_f64_result,comparable,,229915.88374999998,229519.60784313726,230509.14096334187,240544.78857142857,240004.46471264368,241284.83412698412,,,,,,
1,exact,release-signal,exact_random_corpus_d3/solve_exact_rounded_f64,exact_random_corpus_d3,solve_exact_rounded_f64,solve_exact_rounded_f64,comparable,,217630.98739495798,217287.00882352941,217935.71428571429,242671.08039215687,242062.56701754386,243321.69186256779,,,,,,
1,exact,release-signal,exact_random_corpus_d4/det_exact,exact_random_corpus_d4,det_exact,det_exact,comparable,,25256.297443181818,25208.91449244164,25295.912240210841,21196.339806629563,21163.533822039455,21270.829787234041,,,,,,
1,exact,release-signal,exact_random_corpus_d4/det_sign_exact,exact_random_corpus_d4,det_sign_exact,det_sign_exact,comparable,,424.52204562697165,423.12559207502329,425.64562260524139,454.5566540631005,452.65036491023204,456.01809954751133,,,,,,
1,exact,release-signal,exact_random_corpus_d4/solve_exact,exact_random_corpus_d4,solve_exact,solve_exact,comparable,,489451.64080744656,488840.64912280702,490288.25136612024,535371.3718434344,533843.75,537107.06187500001,,,,,,
1,exact,release-signal,exact_random_corpus_d4/solve_exact_f64_result,exact_random_corpus_d4,solve_exact_f64_result,solve_exact_f64_result,comparable,,507754.39404761908,507048.99725274724,508511.27380952379,534530.00837628869,533886.68498006207,535332.88043478259,,,,,,
1,exact,release-signal,exact_random_corpus_d4/solve_exact_rounded_f64,exact_random_corpus_d4,solve_exact_rounded_f64,solve_exact_rounded_f64,comparable,,491513.02591500862,490452.26760563382,491979.98039215687,535394.39473684202,535087.6551724138,535958.79775280901,,,,,,
1,exact,release-signal,exact_random_corpus_d5/det_exact,exact_random_corpus_d5,det_exact,det_exact,comparable,,47405.791320311226,47335.994187675067,47504.00425170068,55994.694210032816,55881.401891252957,56126.517283950619,,,,,,
1,exact,release-signal,exact_random_corpus_d5/det_sign_exact,exact_random_corpus_d5,det_sign_exact,det_sign_exact,comparable,,49538.776462825699,48757.712610428789,50884.692642881215,61934.375744853736,61875.220352564102,62040.815934065933,,,,,,
1,exact,release-signal,exact_random_corpus_d5/solve_exact,exact_random_corpus_d5,solve_exact,solve_exact,comparable,,965824.68979013991,964445.03498931625,966729.16666666663,1044342.0280864197,1042954.4758064516,1044963.9105263158,,,,,,
1,exact,release-signal,exact_random_corpus_d5/solve_exact_f64_result,exact_random_corpus_d5,solve_exact_f64_result,solve_exact_f64_result,comparable,,987575.63884379505,986287.68274853798,989217.70499999996,1041768.932346723,1041145.4042553192,1043707.0707070708,,,,,,
1,exact,release-signal,exact_random_corpus_d5/solve_exact_rounded_f64,exact_random_corpus_d5,solve_exact_rounded_f64,solve_exact_rounded_f64,comparable,,966847.55221111618,965474.390625,968312.61416330643,1044969.8439878235,1044289.2083333333,1046173.4258241758,,,,,,
1,exact,release-signal,rational_input_d2/det_big_rational_gaussian,rational_input_d2,det_big_rational_gaussian,det_big_rational_gaussian,current-only,Baseline v0.4.5 has no correctness-compatible benchmark row under la_stack_pre_rational_input_api.,,,,1179.7816707466341,1178.8611471070353,1180.5365686944635,,,,,,
1,exact,release-signal,rational_input_d2/det_row_cleared_bareiss,rational_input_d2,det_row_cleared_bareiss,det_row_cleared_bareiss,current-only,Baseline v0.4.5 has no correctness-compatible benchmark row under la_stack_pre_rational_input_api.,,,,191.30687653285804,190.8536299834349,191.99277375769552,,,,,,
1,exact,release-signal,rational_input_d2/det_sign_row_cleared_bareiss,rational_input_d2,det_sign_row_cleared_bareiss,det_sign_row_cleared_bareiss,current-only,Baseline v0.4.5 has no correctness-compatible benchmark row under la_stack_pre_rational_input_api.,,,,82.264763235647905,82.178092387585593,82.426791952752481,,,,,,
1,exact,release-signal,rational_input_d2/solve_big_rational_gaussian,rational_input_d2,solve_big_rational_gaussian,solve_big_rational_gaussian,current-only,Baseline v0.4.5 has no correctness-compatible benchmark row under la_stack_pre_rational_input_api.,,,,2220.7723679667379,2219.1226229817771,2224.8722311396468,,,,,,
1,exact,release-signal,rational_input_d2/solve_row_cleared_bareiss,rational_input_d2,solve_row_cleared_bareiss,solve_row_cleared_bareiss,current-only,Baseline v0.4.5 has no correctness-compatible benchmark row under la_stack_pre_rational_input_api.,,,,967.46468552443685,966.4846857506941,968.15035877364642,,,,,,
1,exact,release-signal,rational_input_d3/det_big_rational_gaussian,rational_input_d3,det_big_rational_gaussian,det_big_rational_gaussian,current-only,Baseline v0.4.5 has no correctness-compatible benchmark row under la_stack_pre_rational_input_api.,,,,4886.0586458892194,4875.0461799911336,4898.5236502816952,,,,,,
1,exact,release-signal,rational_input_d3/det_row_cleared_bareiss,rational_input_d3,det_row_cleared_bareiss,det_row_cleared_bareiss,current-only,Baseline v0.4.5 has no correctness-compatible benchmark row under la_stack_pre_rational_input_api.,,,,578.59852199755881,577.98428488032687,579.10216936896222,,,,,,
1,exact,release-signal,rational_input_d3/det_sign_row_cleared_bareiss,rational_input_d3,det_sign_row_cleared_bareiss,det_sign_row_cleared_bareiss,current-only,Baseline v0.4.5 has no correctness-compatible benchmark row under la_stack_pre_rational_input_api.,,,,368.64189398809697,367.84755843660724,369.61462103470302,,,,,,
1,exact,release-signal,rational_input_d3/solve_big_rational_gaussian,rational_input_d3,solve_big_rational_gaussian,solve_big_rational_gaussian,current-only,Baseline v0.4.5 has no correctness-compatible benchmark row under la_stack_pre_rational_input_api.,,,,8443.0325802546286,8434.2444067796605,8457.8037466547721,,,,,,
1,exact,release-signal,rational_input_d3/solve_row_cleared_bareiss,rational_input_d3,solve_row_cleared_bareiss,solve_row_cleared_bareiss,current-only,Baseline v0.4.5 has no correctness-compatible benchmark row under la_stack_pre_rational_input_api.,,,,2500.4996124161148,2494.8609034560004,2505.5873462735221,,,,,,
1,exact,release-signal,rational_input_d4/det_big_rational_gaussian,rational_input_d4,det_big_rational_gaussian,det_big_rational_gaussian,current-only,Baseline v0.4.5 has no correctness-compatible benchmark row under la_stack_pre_rational_input_api.,,,,14158.317917888562,14137.330102040816,14187.385531135531,,,,,,
1,exact,release-signal,rational_input_d4/det_row_cleared_bareiss,rational_input_d4,det_row_cleared_bareiss,det_row_cleared_bareiss,current-only,Baseline v0.4.5 has no correctness-compatible benchmark row under la_stack_pre_rational_input_api.,,,,1165.5311528391426,1163.9019594471722,1166.7706199106908,,,,,,
1,exact,release-signal,rational_input_d4/det_sign_row_cleared_bareiss,rational_input_d4,det_sign_row_cleared_bareiss,det_sign_row_cleared_bareiss,current-only,Baseline v0.4.5 has no correctness-compatible benchmark row under la_stack_pre_rational_input_api.,,,,769.07893541058093,767.20858977370608,770.66537467700255,,,,,,
1,exact,release-signal,rational_input_d4/solve_big_rational_gaussian,rational_input_d4,solve_big_rational_gaussian,solve_big_rational_gaussian,current-only,Baseline v0.4.5 has no correctness-compatible benchmark row under la_stack_pre_rational_input_api.,,,,24939.264128599803,24895.645317782284,24977.715657013396,,,,,,
1,exact,release-signal,rational_input_d4/solve_row_cleared_bareiss,rational_input_d4,solve_row_cleared_bareiss,solve_row_cleared_bareiss,current-only,Baseline v0.4.5 has no correctness-compatible benchmark row under la_stack_pre_rational_input_api.,,,,5510.7462502484959,5505.7048786099058,5522.2001433401947,,,,,,
1,exact,release-signal,rational_input_d5/det_big_rational_gaussian,rational_input_d5,det_big_rational_gaussian,det_big_rational_gaussian,current-only,Baseline v0.4.5 has no correctness-compatible benchmark row under la_stack_pre_rational_input_api.,,,,24971.810975609755,24546.333333333332,25750.66056910569,,,,,,
1,exact,release-signal,rational_input_d5/det_row_cleared_bareiss,rational_input_d5,det_row_cleared_bareiss,det_row_cleared_bareiss,current-only,Baseline v0.4.5 has no correctness-compatible benchmark row under la_stack_pre_rational_input_api.,,,,2149.3190837601251,2145.5409961409146,2155.3939471440749,,,,,,
1,exact,release-signal,rational_input_d5/det_sign_row_cleared_bareiss,rational_input_d5,det_sign_row_cleared_bareiss,det_sign_row_cleared_bareiss,current-only,Baseline v0.4.5 has no correctness-compatible benchmark row under la_stack_pre_rational_input_api.,,,,1584.107474509711,1580.4311137268091,1587.3894778864872,,,,,,
1,exact,release-signal,rational_input_d5/solve_big_rational_gaussian,rational_input_d5,solve_big_rational_gaussian,solve_big_rational_gaussian,current-only,Baseline v0.4.5 has no correctness-compatible benchmark row under la_stack_pre_rational_input_api.,,,,41109.809793459557,41065.769230769234,41144.208018617021,,,,,,
1,exact,release-signal,rational_input_d5/solve_row_cleared_bareiss,rational_input_d5,solve_row_cleared_bareiss,solve_row_cleared_bareiss,current-only,Baseline v0.4.5 has no correctness-compatible benchmark row under la_stack_pre_rational_input_api.,,,,9673.317355757481,9644.8922710110819,9717.7021359223309,,,,,,
1,exact,release-signal,rational_input_d6/det_big_rational_gaussian,rational_input_d6,det_big_rational_gaussian,det_big_rational_gaussian,current-only,Baseline v0.4.5 has no correctness-compatible benchmark row under la_stack_pre_rational_input_api.,,,,57912.001736111109,57836.388888888891,58015.860082304527,,,,,,
1,exact,release-signal,rational_input_d6/det_row_cleared_bareiss,rational_input_d6,det_row_cleared_bareiss,det_row_cleared_bareiss,current-only,Baseline v0.4.5 has no correctness-compatible benchmark row under la_stack_pre_rational_input_api.,,,,3753.0803145963455,3747.6153508059574,3761.3367701001289,,,,,,
1,exact,release-signal,rational_input_d6/det_sign_row_cleared_bareiss,rational_input_d6,det_sign_row_cleared_bareiss,det_sign_row_cleared_bareiss,current-only,Baseline v0.4.5 has no correctness-compatible benchmark row under la_stack_pre_rational_input_api.,,,,3095.7158085258397,3087.1125444329778,3104.3652139542537,,,,,,
1,exact,release-signal,rational_input_d6/solve_big_rational_gaussian,rational_input_d6,solve_big_rational_gaussian,solve_big_rational_gaussian,current-only,Baseline v0.4.5 has no correctness-compatible benchmark row under la_stack_pre_rational_input_api.,,,,92495.048953027726,92347.221212121207,92598.130681818177,,,,,,
1,exact,release-signal,rational_input_d6/solve_row_cleared_bareiss,rational_input_d6,solve_row_cleared_bareiss,solve_row_cleared_bareiss,current-only,Baseline v0.4.5 has no correctness-compatible benchmark row under la_stack_pre_rational_input_api.,,,,18029.857435977454,18013.576710929519,18047.453384912958,,,,,,
1,exact,release-signal,rational_input_d7/det_big_rational_gaussian,rational_input_d7,det_big_rational_gaussian,det_big_rational_gaussian,current-only,Baseline v0.4.5 has no correctness-compatible benchmark row under la_stack_pre_rational_input_api.,,,,112353.15160139647,112247.51490514904,112501.75061728395,,,,,,
1,exact,release-signal,rational_input_d7/det_row_cleared_bareiss,rational_input_d7,det_row_cleared_bareiss,det_row_cleared_bareiss,current-only,Baseline v0.4.5 has no correctness-compatible benchmark row under la_stack_pre_rational_input_api.,,,,6146.4556925819497,6136.912735339507,6161.7824207685317,,,,,,
1,exact,release-signal,rational_input_d7/det_sign_row_cleared_bareiss,rational_input_d7,det_sign_row_cleared_bareiss,det_sign_row_cleared_bareiss,current-only,Baseline v0.4.5 has no correctness-compatible benchmark row under la_stack_pre_rational_input_api.,,,,5301.6227628610613,5290.0314420803779,5312.8317503784383,,,,,,
1,exact,release-signal,rational_input_d7/solve_big_rational_gaussian,rational_input_d7,solve_big_rational_gaussian,solve_big_rational_gaussian,current-only,Baseline v0.4.5 has no correctness-compatible benchmark row under la_stack_pre_rational_input_api.,,,,165068.65763546797,164882.5628524436,165480.42579365079,,,,,,
1,exact,release-signal,rational_input_d7/solve_row_cleared_bareiss,rational_input_d7,solve_row_cleared_bareiss,solve_row_cleared_bareiss,current-only,Baseline v0.4.5 has no correctness-compatible benchmark row under la_stack_pre_rational_input_api.,,,,29461.859337068163,29440.257352941175,29500.74031563845,,,,,,
1,exact,release-signal,rational_input_d8/det_big_rational_gaussian,rational_input_d8,det_big_rational_gaussian,det_big_rational_gaussian,current-only,Baseline v0.4.5 has no correctness-compatible benchmark row under la_stack_pre_rational_input_api.,,,,194975.51470588235,193238.88771929825,197899.14772727274,,,,,,
1,exact,release-signal,rational_input_d8/det_row_cleared_bareiss,rational_input_d8,det_row_cleared_bareiss,det_row_cleared_bareiss,current-only,Baseline v0.4.5 has no correctness-compatible benchmark row under la_stack_pre_rational_input_api.,,,,9307.4771617411807,9293.2876548576405,9327.7830877373308,,,,,,
1,exact,release-signal,rational_input_d8/det_sign_row_cleared_bareiss,rational_input_d8,det_sign_row_cleared_bareiss,det_sign_row_cleared_bareiss,current-only,Baseline v0.4.5 has no correctness-compatible benchmark row under la_stack_pre_rational_input_api.,,,,8471.4478740214035,8463.6758089133091,8479.0832878705223,,,,,,
1,exact,release-signal,rational_input_d8/solve_big_rational_gaussian,rational_input_d8,solve_big_rational_gaussian,solve_big_rational_gaussian,current-only,Baseline v0.4.5 has no correctness-compatible benchmark row under la_stack_pre_rational_input_api.,,,,272399.82469223486,272067.51851851854,272646.1037745098,,,,,,
1,exact,release-signal,rational_input_d8/solve_row_cleared_bareiss,rational_input_d8,solve_row_cleared_bareiss,solve_row_cleared_bareiss,current-only,Baseline v0.4.5 has no correctness-compatible benchmark row under la_stack_pre_rational_input_api.,,,,43365.191706517515,43314.056298773692,43432.587615283264,,,,,,
1,vs_linalg,release-signal,d16/la_stack_det,d16,la_stack_det,la_stack_det,comparable,,433.34066784459731,430.973731884058,435.38348741418764,463.80296127265103,460.39603261763409,472.33012103603517,,,,,,
1,vs_linalg,release-signal,d16/la_stack_det_from_ldlt,d16,la_stack_det_from_ldlt,la_stack_det_from_ldlt,comparable,,2.8806776055144336,2.8754279232906268,2.8841543768439752,2.8777542592908709,2.8710064229678891,2.8807725628498964,1.6869694530351844,1.6820282940336735,1.691833066370803,4.3127503089869572,4.2651866314898168,4.3742375315145363
1,vs_linalg,release-signal,d16/la_stack_det_from_lu,d16,la_stack_det_from_lu,la_stack_det_from_lu,comparable,,3.2763865769638247,3.2700444936448689,3.2825737845844216,3.2844233910509777,3.2802626051210346,3.2871763604294144,1.7665460642590141,1.7584242199581148,1.7734081843208913,4.7570820233729147,4.671861282890748,4.8081859889349179
1,vs_linalg,release-signal,d16/la_stack_det_via_lu,d16,la_stack_det_via_lu,la_stack_det_via_lu,comparable,,403.09882780082989,402.14042726795117,404.99118257261409,405.19400426939444,403.78158014582004,406.94594977973304,449.45610344381532,448.40147721045486,450.32172213191768,671.62870464618504,665.5611022272783,677.16293754289632
1,vs_linalg,release-signal,d16/la_stack_dot,d16,la_stack_dot,la_stack_dot,comparable,,2.3285682228239102,2.3236962534881798,2.3352830278097318,2.3393023607778165,2.3353744484042807,2.3411556649656324,1.8602276927511512,1.8592289616619428,1.860930162217945,3.2925578685885055,3.2864943265647324,3.2982809563299242
1,vs_linalg,release-signal,d16/la_stack_inf_norm,d16,la_stack_inf_norm,la_stack_inf_norm,comparable,,32.247878749407249,32.177616799609311,32.295151906624312,32.166430085281227,32.105962930584468,32.205136284534682,31.353979063243642,31.335346507565713,31.379620025715106,32.662963494709501,32.486805834181773,32.710889618485297
1,vs_linalg,release-signal,d16/la_stack_ldlt,d16,la_stack_ldlt,la_stack_ldlt,comparable,,383.39640085370581,382.42033372138144,383.92751159648333,403.795192343709,403.4035573047982,404.47298172993465,396.99672650578373,396.61820885279656,397.59528956498531,428.15073922457987,426.13695561157681,430.76722723721201
1,vs_linalg,release-signal,d16/la_stack_ldlt_solve,d16,la_stack_ldlt_solve,la_stack_ldlt_solve,comparable,,425.37468019119581,424.94756970145573,425.8154739209009,447.59429870422946,446.33635357254593,448.10668388068535,607.43266898892762,606.59620959156018,608.84317513755673,626.0651040751543,624.88839840128867,627.14058323532561
1,vs_linalg,release-signal,d16/la_stack_lu,d16,la_stack_lu,la_stack_lu,comparable,,393.77315426110658,392.78551372414188,394.9719213798636,395.56550265131182,394.39822642691001,397.09790485192184,453.80245729277374,452.93815178884068,454.14459179327349,641.77348233772523,639.35413044287407,645.66004020945923
1,vs_linalg,release-signal,d16/la_stack_lu_solve,d16,la_stack_lu_solve,la_stack_lu_solve,comparable,,640.81753364968517,639.38963319785239,641.45248773025196,643.53200219388043,641.46681893534719,644.90281289407312,569.44587125571024,568.90984848484845,569.90600109433876,903.14005339898199,900.30683971201211,905.29873345349529
1,vs_linalg,release-signal,d16/la_stack_norm2_sq,d16,la_stack_norm2_sq,la_stack_norm2_sq,comparable,,2.0630009315813131,2.0585849830533745,2.0654378654830685,2.0639409227602474,2.0589625074537787,2.0688900357838289,1.4771868874299177,1.4761062369740032,1.4780276761745883,4.0614189101656706,4.0578672072064634,4.0633610625063241
1,vs_linalg,release-signal,d16/la_stack_solve_from_ldlt,d16,la_stack_solve_from_ldlt,la_stack_solve_from_ldlt,comparable,,27.749733517289869,27.716402195047927,27.791723998444603,27.715558726917436,27.697078439756556,27.727102224379838,116.06720734784034,115.68642951109564,116.22006269896731,181.70095034620658,181.44538356380463,182.20675387148222
1,vs_linalg,release-signal,d16/la_stack_solve_from_lu,d16,la_stack_solve_from_lu,la_stack_solve_from_lu,comparable,,187.96262283493763,187.58889885483666,188.61136663524977,188.77251827626009,188.33652062599413,189.38605435288875,92.249347718694992,92.111293320933214,92.349650269397728,258.75075528378977,255.7202506995387,262.49754720310568
1,vs_linalg,release-signal,d2/la_stack_det,d2,la_stack_det,la_stack_det,comparable,,0.57392739152992112,0.57371985158868033,0.5740274980375597,0.57414829406867218,0.57401404317957327,0.57433630871032315,,,,,,
1,vs_linalg,release-signal,d2/la_stack_det_from_ldlt,d2,la_stack_det_from_ldlt,la_stack_det_from_ldlt,comparable,,0.49605866835964646,0.49596753848167108,0.49618662196432084,0.49616588060011557,0.4960249936577053,0.49627378935091071,0.43621764800254126,0.43495731463247422,0.43706837309646013,0.54850477620066351,0.54770269780089442,0.55044496344874783
1,vs_linalg,release-signal,d2/la_stack_det_from_lu,d2,la_stack_det_from_lu,la_stack_det_from_lu,comparable,,0.52093248021331351,0.52037403985539621,0.52462094123531511,0.52042957376516219,0.52036642201000127,0.52051977655544635,0.44852288390755124,0.4483276192218324,0.44907305991161456,0.74324662394908336,0.74318456904907815,0.74342276889246706
1,vs_linalg,release-signal,d2/la_stack_det_via_lu,d2,la_stack_det_via_lu,la_stack_det_via_lu,comparable,,1.7679449006571393,1.7671939097260814,1.7688273448767438,1.7737368324374865,1.7713974906331558,1.7775340107838542,0.82457530187660444,0.82209533468955243,0.82656166060626657,131.68361099747773,131.10937944410747,132.03241713110734
1,vs_linalg,release-signal,d2/la_stack_dot,d2,la_stack_dot,la_stack_dot,comparable,,0.61352760044398202,0.61276543774328207,0.61402707088077435,0.61251214878747562,0.61121777769114505,0.61313524788753404,0.56064257789982586,0.56017946329290891,0.56097182708131266,2.5021469296259262,2.4890871213058778,2.6830380933221991
1,vs_linalg,release-signal,d2/la_stack_inf_norm,d2,la_stack_inf_norm,la_stack_inf_norm,comparable,,0.62287066143716074,0.62252140559815905,0.62322622860202548,0.62282252492893175,0.62250789635979775,0.62326953215304082,0.49827173555514842,0.49814894563945694,0.49836580472015024,0.67215306236778116,0.67177684015805494,0.67268671440604155
1,vs_linalg,release-signal,d2/la_stack_ldlt,d2,la_stack_ldlt,la_stack_ldlt,comparable,,6.4679174044891763,6.4630566559028733,6.4750959096428309,6.6346326699278517,6.6112283224827619,6.649096105104241,1.703673051936607,1.7021045904007399,1.7063749118829425,97.973415045822435,97.646445326555181,98.355253986804115
1,vs_linalg,release-signal,d2/la_stack_ldlt_solve,d2,la_stack_ldlt_solve,la_stack_ldlt_solve,comparable,,9.3267282424810158,9.3156591275904717,9.3335921061528513,9.4342065671166218,9.4176318822760976,9.4644835930358866,2.5197203598411502,2.516149021065984,2.5265791815742578,145.85553820310949,143.47317705398399,147.26974942140896
1,vs_linalg,release-signal,d2/la_stack_lu,d2,la_stack_lu,la_stack_lu,comparable,,1.5601441095260733,1.5581005650018285,1.5620621774871468,1.5550328069395349,1.5541639439771986,1.5557607183929154,1.6088793413144622,1.6055014356953712,1.6118402294784371,120.85079986178687,120.03323306309831,121.7131579520799
1,vs_linalg,release-signal,d2/la_stack_lu_solve,d2,la_stack_lu_solve,la_stack_lu_solve,comparable,,2.0314092974806748,2.0302198287717603,2.0345467303122184,2.0211314276372025,2.0184799422811559,2.0445438481191816,4.4787720282632115,4.4712237316812988,4.4889033406839456,182.53202843068811,182.06757130922546,183.01508533237856
1,vs_linalg,release-signal,d2/la_stack_norm2_sq,d2,la_stack_norm2_sq,la_stack_norm2_sq,comparable,,0.39504092052906009,0.39487957979719801,0.39537735031681998,0.39496812928467495,0.39436059686825969,0.39517097974099941,0.38868026110683163,0.38822521649033631,0.38906554841001673,4.0552777729831924,4.0527518915090699,4.0584808377522643
1,vs_linalg,release-signal,d2/la_stack_solve_from_ldlt,d2,la_stack_solve_from_ldlt,la_stack_solve_from_ldlt,comparable,,1.2190136869369586,1.2025643334946778,1.2355617067423554,1.2384772206664705,1.2373876587522723,1.2387014979624249,1.2368166338341426,1.2348758039826044,1.2413110353601422,43.964540343301408,43.734783115314087,44.192072676585951
1,vs_linalg,release-signal,d2/la_stack_solve_from_lu,d2,la_stack_solve_from_lu,la_stack_solve_from_lu,comparable,,1.2453167718999847,1.2426647173570333,1.2489582164418285,1.2447139930689859,1.2424024222304724,1.2477969796655017,2.8650984215665636,2.8624578315899427,2.8727196959612029,54.804211447567418,54.612902758502798,54.870250629434651
1,vs_linalg,release-signal,d3/la_stack_det,d3,la_stack_det,la_stack_det,comparable,,1.3248260462690267,1.3241936110286718,1.325669453672313,1.3219835208630162,1.3187665729784837,1.3242570292917186,,,,,,
1,vs_linalg,release-signal,d3/la_stack_det_from_ldlt,d3,la_stack_det_from_ldlt,la_stack_det_from_ldlt,comparable,,0.59477992281505032,0.59472219116780245,0.59492421185552224,0.59496997125556228,0.59480219751870333,0.59514975667769421,0.48174818812547809,0.48126926100771028,0.48234366542385021,0.7429406902916269,0.74215865144126136,0.74316840092920089
1,vs_linalg,release-signal,d3/la_stack_det_from_lu,d3,la_stack_det_from_lu,la_stack_det_from_lu,comparable,,0.69382906994751337,0.69372455541071265,0.693955281660387,0.6938382932649928,0.69371543412299963,0.69401222588717393,0.48748885143063264,0.48666491806252388,0.4884768781028227,0.9908795673907953,0.99043984044654099,0.99118019693272874
1,vs_linalg,release-signal,d3/la_stack_det_via_lu,d3,la_stack_det_via_lu,la_stack_det_via_lu,comparable,,8.6987283573495908,8.6820481344215388,8.7195939182762601,8.7330760339022611,8.7164490312478264,8.7519581507139819,17.78206896534542,17.683878473352575,17.866720242518589,162.86610685841279,161.84255350690262,164.18815092570892
1,vs_linalg,release-signal,d3/la_stack_dot,d3,la_stack_dot,la_stack_dot,comparable,,0.66466006269657352,0.66449872189993564,0.66493841553420274,0.66529453349876766,0.66471116669493679,0.66594917480025939,0.68254323774247383,0.68174781597407752,0.68397071323272807,2.9721043004090149,2.9672636668026549,2.9737072044585546
1,vs_linalg,release-signal,d3/la_stack_inf_norm,d3,la_stack_inf_norm,la_stack_inf_norm,comparable,,1.3018736049200941,1.3012035317105675,1.3022769209393514,1.3022204280027463,1.3019503775557604,1.3025409334706468,1.1111305491166579,1.1071917895656265,1.1131111255161568,1.2543560581510862,1.2485904067302944,1.2574672016871224
1,vs_linalg,release-signal,d3/la_stack_ldlt,d3,la_stack_ldlt,la_stack_ldlt,comparable,,13.365571137774044,13.32666856698679,13.388654282023392,13.578777245617996,13.518208039128293,13.660511854186652,3.854880152140328,3.8496021469670976,3.8614449677231759,108.22496781137824,107.80687397708674,109.0961018676262
1,vs_linalg,release-signal,d3/la_stack_ldlt_solve,d3,la_stack_ldlt_solve,la_stack_ldlt_solve,comparable,,12.539766048291,12.47990558126806,12.576982845534463,18.271606214141041,17.80685111570045,20.33914360837819,5.57965224227463,5.5669118207312955,5.6126545272101183,155.3584554027743,154.6383401275217,155.90266889655413
1,vs_linalg,release-signal,d3/la_stack_lu,d3,la_stack_lu,la_stack_lu,comparable,,8.2753403949589917,8.2622389396778484,8.302681989155797,17.720017343411151,16.719375128108371,18.448514051541753,14.751846435975526,14.71103012926266,14.778186260671214,156.64884372337724,155.37278578448223,158.01224418140694
1,vs_linalg,release-signal,d3/la_stack_lu_solve,d3,la_stack_lu_solve,la_stack_lu_solve,comparable,,10.088217111140551,10.041843004661228,10.159124028084907,9.9768486519488775,9.8983811166077125,10.025906395438968,22.794790952289048,22.713611901221796,22.98916653289352,217.56680047835044,216.1785685588016,219.02900557169431
1,vs_linalg,release-signal,d3/la_stack_norm2_sq,d3,la_stack_norm2_sq,la_stack_norm2_sq,comparable,,0.44433102804392299,0.44362843706784982,0.44490517874170721,0.44492109425017012,0.44446960832512455,0.44534723732947157,0.43707950239910859,0.43667205113888041,0.43740679552668504,4.0917796805949926,4.0870148530788608,4.0952880000727614
1,vs_linalg,release-signal,d3/la_stack_solve_from_ldlt,d3,la_stack_solve_from_ldlt,la_stack_solve_from_ldlt,comparable,,1.7797906835768509,1.7792510114171358,1.7811215449638009,1.7800479595458731,1.7795798536856575,1.7807743797736573,2.7491770764902128,2.7409270248937236,2.7596003983742241,45.820103833034061,45.419346186712907,46.512106282423062
1,vs_linalg,release-signal,d3/la_stack_solve_from_lu,d3,la_stack_solve_from_lu,la_stack_solve_from_lu,comparable,,2.0533085097381019,2.0515242639054314,2.0560913182004255,2.0545412990479761,2.0532042866735472,2.056574592257737,4.4865178210568821,4.4752780759106567,4.4988558406251711,56.686173567119951,56.484327764812235,56.979242838971345
1,vs_linalg,release-signal,d32/la_stack_det,d32,la_stack_det,la_stack_det,comparable,,2179.691354657688,2172.6720760453109,2184.6388888888887,2168.5406336323022,2163.2463921620547,2178.788811188811,,,,,,
1,vs_linalg,release-signal,d32/la_stack_det_from_ldlt,d32,la_stack_det_from_ldlt,la_stack_det_from_ldlt,comparable,,7.7151198458582089,7.6991340302699331,7.7370374257209829,7.7617086675781959,7.7371566936650238,7.783815867105325,2.9575668764860588,2.9533704308656255,2.9612696377300076,8.2541190527740653,8.2276212383937839,8.2980897276881009
1,vs_linalg,release-signal,d32/la_stack_det_from_lu,d32,la_stack_det_from_lu,la_stack_det_from_lu,comparable,,9.0557646083605654,9.0434752432105618,9.0818144030154446,9.0425497903633172,9.0270617151132946,9.0485748020212959,3.0632310730041938,3.058571115995306,3.0667491876998865,8.6378126376298816,8.5923907486053945,8.6585745819032667
1,vs_linalg,release-signal,d32/la_stack_det_via_lu,d32,la_stack_det_via_lu,la_stack_det_via_lu,comparable,,2046.0624938536557,2041.3038606747048,2051.0636373542552,2052.0108969513731,2038.2267602457862,2057.7743209876544,2194.7460702161725,2188.8989397699074,2200.5841731395121,2310.7510427515745,2304.8958130989381,2316.1990997508237
1,vs_linalg,release-signal,d32/la_stack_dot,d32,la_stack_dot,la_stack_dot,comparable,,4.005044008903182,4.0012220974534545,4.0083585622839255,4.0022794786302978,3.9971985367801794,4.0041341307292377,4.7174753890800005,4.7111610181446473,4.7227958792063474,4.940159341901305,4.9388835725206226,4.9472784425006946
1,vs_linalg,release-signal,d32/la_stack_inf_norm,d32,la_stack_inf_norm,la_stack_inf_norm,comparable,,126.96311798060728,126.86053717923132,127.17461129179991,127.60310823622962,127.36826902491643,127.74566473988439,158.53327140255777,154.91656977880257,159.5608448432649,163.63962038379032,163.39937414926791,164.21209669997975
1,vs_linalg,release-signal,d32/la_stack_ldlt,d32,la_stack_ldlt,la_stack_ldlt,comparable,,2435.5209888946501,2429.6358198451794,2441.070978335717,2448.6469021101429,2445.8710120524638,2454.5002297582942,2058.36521827155,2054.0214333999779,2064.9730621576155,1454.7438107869143,1449.6722607631095,1458.0513655551765
1,vs_linalg,release-signal,d32/la_stack_ldlt_solve,d32,la_stack_ldlt_solve,la_stack_ldlt_solve,comparable,,2779.6149964463393,2770.8428694158074,2790.4230555555555,2768.5652427637724,2762.1808749815718,2794.1459783913565,2689.9108787607984,2685.7882037533514,2693.2391730253657,1938.3953822178478,1937.6810118562767,1940.7293257376919
1,vs_linalg,release-signal,d32/la_stack_lu,d32,la_stack_lu,la_stack_lu,comparable,,2111.0872659501733,2100.5552685950415,2123.7427206533016,2119.9552244130509,2112.9599375487901,2129.7553187980343,2135.819073466625,2126.3990384615386,2142.1202967711301,2261.2271180447083,2256.120443272006,2269.3012987012985
1,vs_linalg,release-signal,d32/la_stack_lu_solve,d32,la_stack_lu_solve,la_stack_lu_solve,comparable,,2782.3214668031242,2768.6283143939395,2798.4843447775629,2755.7729402136074,2752.5797735688238,2761.0723724010572,2710.234582397889,2703.7424869037773,2717.3389959916017,2919.2900818850267,2913.4234243697479,2925.1436105476673
1,vs_linalg,release-signal,d32/la_stack_norm2_sq,d32,la_stack_norm2_sq,la_stack_norm2_sq,comparable,,3.9536483462889596,3.9507604826267237,3.955358586507939,3.9554034762752313,3.9528403327902115,3.9570583687753969,3.7842635532354545,3.7772728379042992,3.7883241613028007,4.2116034737188563,4.2108010605858066,4.212400350451281
1,vs_linalg,release-signal,d32/la_stack_solve_from_ldlt,d32,la_stack_solve_from_ldlt,la_stack_solve_from_ldlt,comparable,,307.53942374499667,306.97339170392451,307.84513160166335,310.37037098884753,309.49069355760207,311.12826463184393,533.19213866795212,531.19972515104098,534.33935005111334,466.93149123865453,466.28313945034171,467.56257876496534
1,vs_linalg,release-signal,d32/la_stack_solve_from_lu,d32,la_stack_solve_from_lu,la_stack_solve_from_lu,comparable,,661.04544671394797,659.95196527777773,662.22138666666672,652.52973532875762,650.69688056314544,653.69664167548922,327.4233276786394,327.04018825645124,327.75330304914723,631.02917789327603,629.46467196744163,632.47189106420217
1,vs_linalg,release-signal,d4/la_stack_det,d4,la_stack_det,la_stack_det,comparable,,2.5537463679528294,2.5519270947417345,2.555683558826972,2.557517682131166,2.5558274677675454,2.5593567733711935,,,,,,
1,vs_linalg,release-signal,d4/la_stack_det_from_ldlt,d4,la_stack_det_from_ldlt,la_stack_det_from_ldlt,comparable,,0.76796836395640611,0.76783753660252574,0.76808604993738983,0.76815302862367463,0.76801416287451307,0.76822111168879548,0.49015277366406668,0.48919111688314537,0.49104120441711785,0.98043187519850727,0.97939547658448001,0.98219598925915663
1,vs_linalg,release-signal,d4/la_stack_det_from_lu,d4,la_stack_det_from_lu,la_stack_det_from_lu,comparable,,0.86721070021018498,0.8670549715475353,0.86737661263813026,0.86723518491472962,0.86709972488638098,0.86745095443485609,0.58137895726552391,0.58071656856057219,0.5816483012835133,1.237809172948956,1.2364530940897243,1.2384676373205219
1,vs_linalg,release-signal,d4/la_stack_det_via_lu,d4,la_stack_det_via_lu,la_stack_det_via_lu,comparable,,14.448818945101834,14.429619465413968,14.475714099575811,14.459848995691477,14.445280172050332,14.472798593243407,30.000059894391974,29.96215892046709,30.044589670874757,179.46078924202118,179.00082239292504,180.91031823971531
1,vs_linalg,release-signal,d4/la_stack_dot,d4,la_stack_dot,la_stack_dot,comparable,,0.67959572647198141,0.67941073520922279,0.68003197517963443,0.67965821720258401,0.67936901276145223,0.67994650417628699,0.62581060702843583,0.62481365426489865,0.62663403396942985,2.6374727019075666,2.6247867528100004,2.6951789636682482
1,vs_linalg,release-signal,d4/la_stack_inf_norm,d4,la_stack_inf_norm,la_stack_inf_norm,comparable,,2.2292751061254998,2.2253914105964778,2.2305879814125582,2.2307594494106713,2.2280305784618752,2.2313826501606622,1.9611369334591018,1.9594062897261626,1.9629540266408929,2.0450691977276332,2.0444716629706225,2.0455664219748027
1,vs_linalg,release-signal,d4/la_stack_ldlt,d4,la_stack_ldlt,la_stack_ldlt,comparable,,21.137642787347982,21.098168018449119,21.171484657471375,21.313902652833498,21.261446636270481,21.360234691181692,7.4701380069258523,7.4474412297394448,7.4812695895170123,126.39093941990799,126.10741358337755,126.85194721964729
1,vs_linalg,release-signal,d4/la_stack_ldlt_solve,d4,la_stack_ldlt_solve,la_stack_ldlt_solve,comparable,,22.931503235979068,22.900540704307687,22.973165550179878,38.573182474947643,37.966452324972835,39.705685804297737,10.378239304933004,10.370538524252426,10.385190063997275,172.5801836169029,172.35986604196796,173.19864161065419
1,vs_linalg,release-signal,d4/la_stack_lu,d4,la_stack_lu,la_stack_lu,comparable,,13.977633449875297,13.942079264132545,13.993157900570505,13.851550872115498,13.818557225822083,13.896676976534705,29.113518976083931,29.055764792996943,29.15906954005866,175.537450709913,174.26180812893358,176.32963983863019
1,vs_linalg,release-signal,d4/la_stack_lu_solve,d4,la_stack_lu_solve,la_stack_lu_solve,comparable,,21.929507218887309,21.900285785590249,21.967722620134321,22.101084470745356,22.061056744915724,22.141461025001234,51.739268573691511,51.479007800226142,51.917790160922749,241.52526920712,239.31700735578784,243.22749256395002
1,vs_linalg,release-signal,d4/la_stack_norm2_sq,d4,la_stack_norm2_sq,la_stack_norm2_sq,comparable,,0.46055136772730737,0.45937336215932911,0.46102559501788137,0.46098710971834556,0.4596169676182012,0.46184721578489674,0.50425948898010986,0.50065038993157529,0.50578615444615382,4.137783381158898,4.1362097256486781,4.1394627993180357
1,vs_linalg,release-signal,d4/la_stack_solve_from_ldlt,d4,la_stack_solve_from_ldlt,la_stack_solve_from_ldlt,comparable,,2.4663434277095782,2.4649002744516775,2.4692107987241578,2.466292004820466,2.4653287724875375,2.4692981152227502,5.2623071102714931,5.2483264039035182,5.2769688602382541,44.822910230429628,44.573073436861492,44.949929161016485
1,vs_linalg,release-signal,d4/la_stack_solve_from_lu,d4,la_stack_solve_from_lu,la_stack_solve_from_lu,comparable,,3.9733737740840294,3.9636710042761587,3.9772183465587223,3.901012688961746,3.8951465539297843,3.9114985627114556,5.6927159129111846,5.6283988039939121,5.7104406887491246,59.876878630833765,59.475495314144965,60.226079962922071
1,vs_linalg,release-signal,d5/la_stack_det,d5,la_stack_det,la_stack_det,comparable,,39.40608349392491,39.331896586305106,39.576091752751729,40.567011082659839,39.960970632951906,58.523420120829002,,,,,,
1,vs_linalg,release-signal,d5/la_stack_det_from_ldlt,d5,la_stack_det_from_ldlt,la_stack_det_from_ldlt,comparable,,0.94599849938700598,0.94568243508526195,0.94626319782680213,0.94655301135325032,0.94616184308008511,0.94689145985800993,0.57937889603942083,0.57870167562661634,0.58043969224609437,1.2190249196316412,1.2168381801729677,1.2214995883916588
1,vs_linalg,release-signal,d5/la_stack_det_from_lu,d5,la_stack_det_from_lu,la_stack_det_from_lu,comparable,,1.1015983796470554,1.101183127274346,1.1021064106416207,1.1022258882248441,1.1018066626065501,1.1026267970329189,0.65427805826919683,0.653837969806359,0.65524447576090461,1.4770256550268943,1.4751936389856528,1.4797912596850908
1,vs_linalg,release-signal,d5/la_stack_det_via_lu,d5,la_stack_det_via_lu,la_stack_det_via_lu,comparable,,32.127657952618883,32.038993547380372,32.281886790833774,32.670987246083968,32.617566505314542,32.726126444630403,54.755718107252662,54.652969245995081,54.897429070927785,223.2819380094337,221.9447913467211,224.89249099599579
1,vs_linalg,release-signal,d5/la_stack_dot,d5,la_stack_dot,la_stack_dot,comparable,,0.79936816435956315,0.79834845354981732,0.79978314216714508,0.8406735747771239,0.83844172789185933,0.84139156394285708,0.73727849817061941,0.73261449876639073,0.76137881564141774,2.7651797104965938,2.7579389823434375,2.8363339176613782
1,vs_linalg,release-signal,d5/la_stack_inf_norm,d5,la_stack_inf_norm,la_stack_inf_norm,comparable,,3.4052080297268601,3.4008913852134062,3.4074695098138945,3.4684617394646611,3.4643543188091828,3.4699115725837606,3.1673625039640854,3.1642272055221903,3.1721395397266439,3.1590451380396192,3.1576778704478699,3.1606941315928827
1,vs_linalg,release-signal,d5/la_stack_ldlt,d5,la_stack_ldlt,la_stack_ldlt,comparable,,40.470410957484475,40.36550055366444,40.600816328813295,41.920528362435114,41.565775051124746,42.281696523517383,26.101170756467255,25.119010115582,26.503605799574927,144.03046440227303,143.60505960867613,144.57351766832062
1,vs_linalg,release-signal,d5/la_stack_ldlt_solve,d5,la_stack_ldlt_solve,la_stack_ldlt_solve,comparable,,52.33981344478012,51.943685420419001,52.541915337341649,45.392000960485049,45.317111178076743,45.518174177959871,40.351447796923352,40.305128310577395,40.397862514646022,234.29381594515309,231.2199383949384,245.99130708001675
1,vs_linalg,release-signal,d5/la_stack_lu,d5,la_stack_lu,la_stack_lu,comparable,,32.014093610389182,31.933497341330771,32.055757361450432,32.348290773011733,32.279072439154078,32.449564416712704,55.05506793569608,54.939011361822146,55.159798185153967,217.68227899454712,214.5903155983801,219.9681050132663
1,vs_linalg,release-signal,d5/la_stack_lu_solve,d5,la_stack_lu_solve,la_stack_lu_solve,comparable,,44.3075005748926,43.902225822039881,44.798514530883182,46.069581545860736,45.989340313341678,46.107553270540038,69.002558524159397,68.864911949185142,69.169051099972151,326.84830597342926,324.01439752511988,361.58151429914557
1,vs_linalg,release-signal,d5/la_stack_norm2_sq,d5,la_stack_norm2_sq,la_stack_norm2_sq,comparable,,0.52412405074294355,0.52396726246572145,0.52456140234443782,0.52479372700869265,0.52460949765693132,0.52486715516251292,0.56358968881892391,0.56333496102642555,0.56371158163709256,4.1278402837829091,4.1253847302733666,4.1310534804390331
1,vs_linalg,release-signal,d5/la_stack_solve_from_ldlt,d5,la_stack_solve_from_ldlt,la_stack_solve_from_ldlt,comparable,,3.8811172441569823,3.8725555178656603,3.8876545928150299,3.9153183777127269,3.9068641749465898,3.9202612167427335,8.8544779083015364,8.845236263909241,8.8648101055136674,63.4258308050956,63.273790579248889,63.647973689794185
1,vs_linalg,release-signal,d5/la_stack_solve_from_lu,d5,la_stack_solve_from_lu,la_stack_solve_from_lu,comparable,,6.0070016296550497,6.0010640132266273,6.012031768250008,5.963079103195744,5.9613885689072124,5.965567315223554,8.815281644877496,8.8057420551853394,8.8388545618755021,93.590339488935797,91.593949640566308,94.999063083956614
1,vs_linalg,release-signal,d64/la_stack_det,d64,la_stack_det,la_stack_det,comparable,,15207.69527540361,15170.642301392301,15247.474747474747,15106.018503004918,15054.057734204793,15163.643811274509,,,,,,
1,vs_linalg,release-signal,d64/la_stack_det_from_ldlt,d64,la_stack_det_from_ldlt,la_stack_det_from_ldlt,comparable,,22.571496369881537,22.535721624350693,22.618762215789605,22.808443865618703,22.770255276355574,22.843487595675725,8.249940396615429,8.2233049972294303,8.2763312005474106,20.202288044945689,20.150360948167666,20.259886966535355
1,vs_linalg,release-signal,d64/la_stack_det_from_lu,d64,la_stack_det_from_lu,la_stack_det_from_lu,comparable,,22.983714321254389,22.949642913604933,23.023720654340735,22.930058618891245,22.880707670540719,23.014567167080276,8.5364425090841056,8.5119479774182345,8.5520505558430724,21.115244063421947,21.091019064312448,21.161360474026498
1,vs_linalg,release-signal,d64/la_stack_det_via_lu,d64,la_stack_det_via_lu,la_stack_det_via_lu,comparable,,15205.365616884133,15174.982733391864,15233.227392449517,15030.810513404089,14991.915780396666,15063.112156249435,13413.817640677491,13399.535013810404,13429.996992481203,10554.939784243217,10546.162218045112,10562.82456140351
1,vs_linalg,release-signal,d64/la_stack_dot,d64,la_stack_dot,la_stack_dot,comparable,,10.667295877605513,10.632608020187991,10.6903019269308,10.812098556844106,10.792249974842171,10.82771477003118,8.9239290453232591,8.9079747959564735,8.9333250859687183,8.3034188431980862,8.2965849601282589,8.3063472935811529
1,vs_linalg,release-signal,d64/la_stack_inf_norm,d64,la_stack_inf_norm,la_stack_inf_norm,comparable,,612.67706166136998,612.23822920395241,614.05090700603205,611.07792166337299,610.19545445829954,613.20009629209483,1087.784251947252,1084.2400709526694,1089.311591928752,1539.8378636835646,1535.3455770484677,1543.1198646806854
1,vs_linalg,release-signal,d64/la_stack_ldlt,d64,la_stack_ldlt,la_stack_ldlt,comparable,,19636.022176659128,19598.416289592758,19652.870674288526,20869.835112127563,20806.83412014231,20910.114247311827,11475.384627998501,11460.926773455378,11503.222408026755,8809.0857784435757,8787.9351136107853,8815.610759938194
1,vs_linalg,release-signal,d64/la_stack_ldlt_solve,d64,la_stack_ldlt_solve,la_stack_ldlt_solve,comparable,,21849.512989267678,21787.999415204678,21901.756535947712,23163.83081672644,23075.668076109938,23257.08228980322,12116.365725802745,12089.861920516192,12144.257486878667,10147.293425804055,10130.908397841895,10156.142857142857
1,vs_linalg,release-signal,d64/la_stack_lu,d64,la_stack_lu,la_stack_lu,comparable,,15020.950565610859,14988.802871148459,15033.46310851927,14416.577154101076,14397.024373638345,14437.318331643002,12926.12658877558,12913.189102564102,12940.517556534105,10410.050684079601,10395.806976010101,10431.587258454107
1,vs_linalg,release-signal,d64/la_stack_lu_solve,d64,la_stack_lu_solve,la_stack_lu_solve,comparable,,17224.654903709925,17163.15221167673,17438.465935672517,17518.634339080461,17364.270300333705,17558.53448275862,14313.979335187058,14297.097222222223,14348.511153198653,12108.782627752282,12092.033074648929,12120.978128313891
1,vs_linalg,release-signal,d64/la_stack_norm2_sq,d64,la_stack_norm2_sq,la_stack_norm2_sq,comparable,,10.631014261815825,10.60027164012773,10.654554905395898,10.769371237225805,10.746926744318502,10.796910052000516,7.4578412026441825,7.4502590727671709,7.464919856559348,6.1918431286193352,6.1874536836146694,6.1944147573155339
1,vs_linalg,release-signal,d64/la_stack_solve_from_ldlt,d64,la_stack_solve_from_ldlt,la_stack_solve_from_ldlt,comparable,,1456.2225372793134,1452.6942392909896,1458.2102412604629,1075.5276946728513,1072.8316278250918,1079.2417264819958,1246.7030362260193,1242.6154081337691,1248.6174969939229,1264.6735002483326,1263.7592867246185,1266.3605380643012
1,vs_linalg,release-signal,d64/la_stack_solve_from_lu,d64,la_stack_solve_from_lu,la_stack_solve_from_lu,comparable,,2516.2626009619089,2512.1679488023165,2522.4009663797306,2473.9569243953529,2468.4816860465116,2477.0960897435898,793.31583294767699,792.86420461332091,793.89543920419226,1674.5171623643846,1671.6792929292928,1677.1226979217042
1,vs_linalg,release-signal,d8/la_stack_det,d8,la_stack_det,la_stack_det,comparable,,90.719235033223271,90.462151679642261,90.962236009157294,90.467213413962952,90.291189700163471,90.64666257620658,,,,,,
1,vs_linalg,release-signal,d8/la_stack_det_from_ldlt,d8,la_stack_det_from_ldlt,la_stack_det_from_ldlt,comparable,,1.308435840033225,1.3061941017349838,1.3114203797861312,1.3080130158456464,1.3045225997759817,1.311677276182412,0.87234592841648606,0.86324747848159444,0.88325867123242841,1.9384033907082956,1.9328117064118919,1.9413545659412752
1,vs_linalg,release-signal,d8/la_stack_det_from_ldlt_balanced_range,d8,la_stack_det_from_ldlt_balanced_range,la_stack_det_from_ldlt_balanced_range,comparable,,8.8883455909542448,8.8721478365676045,8.9136741220246947,8.9270169583701318,8.9196163123647914,8.9616343193929406,,,,,,
1,vs_linalg,release-signal,d8/la_stack_det_from_lu,d8,la_stack_det_from_lu,la_stack_det_from_lu,comparable,,1.4598180622196517,1.4583592408232178,1.4628869833591596,1.4641517639853654,1.4635468937960789,1.4678499618302665,0.98535975343514814,0.98242327253929662,0.99104895252705216,2.2038859562363911,2.2019173139860415,2.2055803639884513
1,vs_linalg,release-signal,d8/la_stack_det_from_lu_balanced_range,d8,la_stack_det_from_lu_balanced_range,la_stack_det_from_lu_balanced_range,comparable,,9.7436031007159176,9.6960020712123551,9.8107707548470877,9.1185971673032995,8.9801989021188575,9.1545293519720623,,,,,,
1,vs_linalg,release-signal,d8/la_stack_det_via_lu,d8,la_stack_det_via_lu,la_stack_det_via_lu,comparable,,84.112698585908106,83.881894307270926,84.38582891736803,84.631303533081493,84.314938772443838,85.036987759910218,144.21997130210244,143.92196117644377,144.64664707311118,294.01942957120872,292.08674362951575,294.74423111437136
1,vs_linalg,release-signal,d8/la_stack_dot,d8,la_stack_dot,la_stack_dot,comparable,,0.93937221818409977,0.93722760782645642,0.94169594880741492,0.96918402356973299,0.95055395536547094,0.98005076228991794,1.1173173909201215,1.117102926176363,1.1175329092884168,2.6425050473708547,2.6349563107055469,2.6520939194157696
1,vs_linalg,release-signal,d8/la_stack_inf_norm,d8,la_stack_inf_norm,la_stack_inf_norm,comparable,,8.3830526828212015,8.3669134392449003,8.3944938886345142,8.3748414158707334,8.3526447111347757,8.3847523781992734,7.9843761752068714,7.9651141297285157,7.9966696917505287,8.0474286676406432,8.0382374300570945,8.0530700367401504
1,vs_linalg,release-signal,d8/la_stack_ldlt,d8,la_stack_ldlt,la_stack_ldlt,comparable,,90.686252137269946,89.687846654034459,92.30551049255547,90.537505381958766,88.606591639871382,91.391898041817655,97.690419454187236,97.251753702260331,98.139106127642009,215.18860561660563,214.53889463477699,216.06437869822486
1,vs_linalg,release-signal,d8/la_stack_ldlt_ill_conditioned,d8,la_stack_ldlt_ill_conditioned,la_stack_ldlt_ill_conditioned,comparable,,91.159842747353395,89.915177605258464,92.642076235049231,90.287424180014469,88.776374310620881,91.405170172293467,,,,,,
1,vs_linalg,release-signal,d8/la_stack_ldlt_solve,d8,la_stack_ldlt_solve,la_stack_ldlt_solve,comparable,,100.8861444627193,100.56537828947368,101.13264152352748,99.313379057762248,98.889911630259249,99.459419129804616,142.04424782382623,134.52634083628061,144.41083625415655,296.70276521178465,291.94465177890953,300.73671458209839
1,vs_linalg,release-signal,d8/la_stack_lu,d8,la_stack_lu,la_stack_lu,comparable,,82.167530073796883,81.98027203149698,82.441800159476486,82.946446919227597,82.626058245223518,83.294220671814969,144.0248023325081,143.67071514222289,144.46397985552076,275.81565750813945,273.37038569407247,277.33431767648693
1,vs_linalg,release-signal,d8/la_stack_lu_ill_conditioned,d8,la_stack_lu_ill_conditioned,la_stack_lu_ill_conditioned,comparable,,81.877170274862507,81.503847198601662,82.070371551398338,82.328248996857525,82.221830763901096,82.578222512413262,,,,,,
1,vs_linalg,release-signal,d8/la_stack_lu_pivoting,d8,la_stack_lu_pivoting,la_stack_lu_pivoting,comparable,,90.756932367149759,90.579648526077094,90.889373611111111,90.392132667828889,90.15913095725648,90.698515939904723,,,,,,
1,vs_linalg,release-signal,d8/la_stack_lu_solve,d8,la_stack_lu_solve,la_stack_lu_solve,comparable,,137.36038883699405,135.69560047895078,143.11210418485115,128.36396548733447,128.19900330404025,128.65769248327663,165.93327075645942,164.81581307583861,168.9136037004555,401.40034191661948,396.02358647682604,407.06850934153567
1,vs_linalg,release-signal,d8/la_stack_norm2_sq,d8,la_stack_norm2_sq,la_stack_norm2_sq,comparable,,0.66300251273488808,0.66235143999066981,0.67068970285250595,0.66533532122302286,0.66493701036590735,0.66603860856580943,0.68346027762789074,0.68297289827892504,0.68492790540600901,4.2061410588498775,4.1736997788766326,4.2265823801092743
1,vs_linalg,release-signal,d8/la_stack_solve_from_ldlt,d8,la_stack_solve_from_ldlt,la_stack_solve_from_ldlt,comparable,,8.0779518258595306,8.0711252555691839,8.0851973528908996,8.0495144449770883,8.0421017592553561,8.0555728018980233,21.003959880033349,20.975846187285221,21.022343920380187,71.061433500354653,70.841204754903146,71.133628204819175
1,vs_linalg,release-signal,d8/la_stack_solve_from_lu,d8,la_stack_solve_from_lu,la_stack_solve_from_lu,comparable,,13.324863047565813,13.303189665207153,13.339757410396965,13.485412752904509,13.460706408754657,13.51681439600249,15.952043012868877,15.929072854588167,15.996979269078821,99.488997365968032,99.028214398910634,99.620785741955928
