benchmark_id,baseline_mean_ns,baseline_mean_low_ns,baseline_mean_high_ns,current_mean_ns,current_mean_low_ns,current_mean_high_ns,mean_change_percent,criterion_change_low_percent,criterion_change_high_percent,baseline_median_ns,current_median_ns,samples_per_compiler
d2/la_stack_det,0.5925462059441348,0.590709957700484,0.5946658389319229,0.5868976290206419,0.5859544042324454,0.5878580313091691,-0.9532719755571906,-1.3306713509142811,-0.6054592071479296,0.5902321614960895,0.5863847120185022,100
d2/la_stack_dot,0.6251469740750393,0.6224120068905533,0.6280725360298494,0.6239782710542152,0.6185257150248991,0.6307300100118446,-0.18694852079437219,-1.245254962564058,0.8765804596633892,0.6245979622107474,0.6226298943387074,100
d2/la_stack_ldlt,7.3541318841420384,7.331554165037489,7.377976185025077,7.127181324733722,7.095235010560448,7.16016297619616,-3.086027868193353,-3.6118387638074227,-2.5593949385708603,7.347199275548462,7.123405968810337,100
d2/la_stack_ldlt_solve,10.61901451690599,10.566045637097604,10.666169002797973,10.251407865508265,10.218467966028808,10.284473187680232,-3.461777463553495,-3.9929647224937748,-2.880652115627975,10.667667943491175,10.248955093065877,100
d2/la_stack_lu,1.6162416493911023,1.6057138306125125,1.6324733679452414,1.6069257287247498,1.6016469756721208,1.6128324739372493,-0.5763940478740959,-1.6252137862810687,0.20210360467738547,1.611032969412862,1.6029589168166964,100
d2/la_stack_lu_solve,2.0998092369234156,2.0883801164153413,2.1115889886999986,2.0743906824382177,2.066538996899668,2.0835577496754767,-1.210517319298987,-1.8702686289289294,-0.5111842956426457,2.0797469653924763,2.061164997739562,100
d2/la_stack_norm2,1.2760084393199977,1.2709321440337895,1.2812007253966917,1.2649184692474935,1.2534797868250287,1.2792026940166565,-0.8691141634152744,-1.8912537287408688,0.2703678165692098,1.273568759704692,1.267313406142085,100
d2/la_stack_norm2_sq,0.415361449176386,0.4065309261365505,0.4279110603785316,0.40568736607828987,0.40482759172743543,0.40672656593345813,-2.329075824749438,-5.177472701939428,-0.17511353661061607,0.40583542115480153,0.4053660400540223,100
d3/la_stack_det,1.3660630382780599,1.3623745620796452,1.3700496785399412,1.3822333852522959,1.3756699114453272,1.3890869074174712,1.1837189442310825,0.6423275172142907,1.800918909004304,1.3639019380070918,1.371618890235084,100
d3/la_stack_dot,0.680458877371864,0.6792767131441083,0.6817475717183581,1.0447839154917478,0.684102651764568,1.524714427871247,53.541080913958574,0.6565242359645695,107.16576573201553,0.6789001231396332,0.6809669708837587,100
d3/la_stack_ldlt,19.44351713989491,18.48058963694214,20.425320345723776,21.433392726133743,20.163207630301564,22.705056106043184,10.2341339374034,1.640610098532614,19.44295367857192,21.285923624127648,21.57624766682457,100
d3/la_stack_ldlt_solve,15.650378398795532,14.34825672397725,17.10379272088068,13.458947109188067,12.138802853803035,14.90023276697997,-14.002417281975232,-25.376247763359554,-2.461016265638938,12.420060135744626,9.987763068612894,100
d3/la_stack_lu,14.56840354166916,13.50810203108389,15.6697733615811,10.431160685777085,9.933428844917223,10.963995517114357,-28.398738709142414,-34.49345791358949,-21.602131274710594,13.698863242876763,8.71251130572209,100
d3/la_stack_lu_solve,11.001228181700073,10.814759652071784,11.202145882019266,10.527612290094853,10.340333706471661,10.73309799421946,-4.305118335724134,-6.814283952942447,-1.7899035294598395,10.66918536288333,10.085740680507959,100
d3/la_stack_norm2,2.067965803575368,2.0098132399985364,2.1278236666992374,1.8685560487588717,1.8382990693973522,1.9029625077665424,-9.642797500409861,-12.592315223599543,-6.541039542091627,1.9215959589541978,1.7970982420554429,100
d3/la_stack_norm2_sq,0.45999575063745834,0.4585354731814317,0.46153660856558415,0.5065171345810684,0.5058091557436674,0.5072996283849616,10.113437760923038,9.71580745824652,10.491944186472098,0.4592948452664261,0.5060746593177743,100
d4/la_stack_det,2.607911551500882,2.6007882396862256,2.615138330965365,2.61349743530575,2.60792950705013,2.61886720571536,0.21418992533137615,-0.13659791426123247,0.5647189940916073,2.60574145322338,2.615831041405708,100
d4/la_stack_dot,2.754349313125969,1.857534687468024,3.7598200821246666,2.7144921265246778,1.8362143315705222,3.6165310618305107,-1.4470636099550016,-40.12153236667485,61.39227761169598,0.7016999551541996,0.6990613721291461,100
d4/la_stack_ldlt,24.388387596840627,23.65353467861502,25.18939791352219,18.2803341570086,18.255343446372496,18.30824397511872,-25.0449252357433,-27.472739540921726,-22.707226351413016,22.662937345920252,18.260557812304498,100
d4/la_stack_ldlt_solve,24.373573709447346,24.297015316755235,24.463565902379266,18.32075704995111,18.2879490931153,18.354577086516812,-24.833521467351048,-25.138594513605973,-24.541988258240202,24.351529791632366,18.263585214982008,100
d4/la_stack_lu,14.267643589715249,14.227504810999932,14.31027187946708,13.97119995405345,13.945735591258734,13.996765042123613,-2.077733676186644,-2.418173621960452,-1.7489648017217467,14.25239983516397,13.993176173344011,100
d4/la_stack_lu_solve,22.704150990165502,22.64524513421221,22.768035208143694,22.3810894405671,22.32400043451814,22.441669261748224,-1.4229184334544787,-1.8202874736989745,-1.061139047263872,22.6534092351433,22.354069737365805,100
d4/la_stack_norm2,2.363800834098825,2.342998997119887,2.3858321641486238,2.446434715062321,2.413555546832727,2.480508701545072,3.495805559058418,1.9194570635999535,5.221142471208024,2.3067695618765374,2.4355926290380654,100
d4/la_stack_norm2_scenario_descending,2.507484593145153,2.502826761843329,2.512386315468135,2.4866917668013953,2.4828718627583113,2.4901673264620525,-0.8292304726657207,-1.0766610947125246,-0.595900696363799,2.5019920443143637,2.489530247343879,100
d4/la_stack_norm2_scenario_repeated_scale,2.5024956579380357,2.4982606766049424,2.506715578700875,2.49641383005454,2.4914037627997656,2.5017223096628416,-0.24303050693429418,-0.49335164415970345,0.022890245766910997,2.498804645768426,2.491225565517552,100
d4/la_stack_norm2_scenario_sparse,1.5418843349960403,1.532601270436979,1.552969020692056,1.6661082768863544,1.627932431919479,1.7076089120112463,8.05663168571158,5.394945732709651,10.673861941132326,1.5242105917386226,1.5619190381724404,100
d4/la_stack_norm2_scenario_wide_dynamic_range,2.252433853399997,2.2425470900513105,2.263983789156117,2.250856341365762,2.245217532222916,2.256746095922336,-0.07003588726273158,-0.6235216627844112,0.4556424551962112,2.2373841548069193,2.2503098029080277,100
d4/la_stack_norm2_sq,0.481331405885268,0.47880027802985453,0.4846656735028306,0.4717692050718674,0.4700187555755877,0.47361921392267986,-1.98661477237575,-2.7421812847587734,-1.3303356872643006,0.47928657243435824,0.47104684385446494,100
d5/la_stack_det,40.628443143663205,40.533475993427835,40.723037746885595,41.193509901148424,41.126369943559524,41.26124426172709,1.3908156792696413,1.1026661181910429,1.6872644510824957,40.614260529826566,41.22640607254098,100
d5/la_stack_dot,0.8502921058120883,0.8467702845194359,0.8536517483222908,0.8462430055217558,0.8411682381860544,0.8510746578191762,-0.47620109167840763,-1.163301483137493,0.2563250869624205,0.85662323518606,0.8584248542060002,100
d5/la_stack_ldlt,44.42602177642843,44.29183516406639,44.57989094431954,25.589019629678234,25.53255733297126,25.647484950723577,-42.40083039968422,-42.64014102770347,-42.17183176656951,44.34841539241542,25.53777934390601,100
d5/la_stack_ldlt_solve,47.76778781787447,47.69838123709621,47.84811897525015,31.70806689196062,31.42302298621873,32.18046146730032,-33.62039914250411,-34.234128774471884,-32.66096622696547,47.69611137949998,31.45441292859926,100
d5/la_stack_lu,33.19504585882808,33.11827566788751,33.27431378261422,34.28318206808075,34.18225890236808,34.39464169581548,3.2780078505699084,2.9034961851890984,3.7138995389490184,33.128742602264666,34.259170600458205,100
d5/la_stack_lu_solve,46.8781143167899,46.68430111861781,47.06840880523362,49.26933637222746,49.032923023651975,49.49628616391337,5.100934818491876,4.464363267697859,5.755838034494292,47.18927106335129,49.5550706930896,100
d5/la_stack_norm2,3.0084214831713028,2.9714233259007745,3.0476183649318647,2.962359961639283,2.9362924137785935,2.9878765429990826,-1.5310860459440745,-3.131378674195575,-0.040910615133940405,3.011736748524733,3.0376407347656484,100
d5/la_stack_norm2_sq,0.5376147731629188,0.5367169757477,0.5386411641040928,0.5340988904501279,0.5328462850408552,0.5354481315987006,-0.6539780691118491,-0.9458387053182362,-0.3431461321089722,0.5362895822896004,0.5331332333604883,100
exact_d4/det_exact,1009.5128041806186,1006.2267489362821,1013.0429266013851,983.6160714536546,980.5924184115697,986.7689576284843,-2.5652703581093506,-3.013530200094386,-2.108037884134522,1008.1098533449665,980.055077413479,100
exact_d4/solve_exact,79903.97298650145,79736.24771235842,80079.79545149242,81545.16480039706,81302.4073666639,81808.82913367149,2.0539552071745737,1.7028628465637563,2.505616825699674,80001.84149436091,81437.02799227799,100
exact_d5/det_exact,3526.345251095597,3517.942347597697,3534.896754546665,3605.949763922878,3574.7553616408522,3647.277165696136,2.257422548247323,1.339036119984153,3.451683235936962,3524.4133474084556,3566.7335339026913,100
exact_d5/solve_exact,159040.98834072417,158710.0632521551,159370.01644431718,160320.87391808993,159972.07791657012,160688.7665129229,0.8047520269578445,0.4888457676829788,1.090450887658762,159351.73655202822,160077.81448412698,100
gram/4x4/dependent/la_stack,7.8419946590308305,7.819476038284081,7.865278627037245,7.689139541886321,7.673846604254769,7.703869144333612,-1.9491867030090648,-2.2995264826519235,-1.616995274552601,7.794251324380022,7.709598433595593,100
gram/4x4/mixed_scale/la_stack,7.839019552432336,7.8145418935988875,7.8645889025875855,7.713503963460189,7.69217559463073,7.7351034804374645,-1.6011643820074584,-2.0142530328135018,-1.2084044211661351,7.784386358805124,7.703970741330196,100
gram/4x4/near_dependent/la_stack,7.813125093210008,7.792690492075322,7.8345298865882445,7.655012272811241,7.631699589656171,7.6748245714624,-2.0236821823853113,-2.407082467444384,-1.6452450723816106,7.764220438156549,7.6795158471650335,100
gram/4x4/orthogonal/la_stack,7.847355059613571,7.819949393699455,7.877782704480833,7.683828475967591,7.662514749585546,7.707369089928886,-2.0838433128579914,-2.543267480818415,-1.6074922437264934,7.784916734834724,7.690570396764952,100
interval_det_sign/d4_conclusive_lifted,127.39077578561984,126.41515147983466,128.406447867311,122.315262967107,121.56520911917877,123.06315363716863,-3.9842074806532235,-4.920142618983898,-3.062091648395734,126.8815769585785,121.91198822831058,100
interval_det_sign/d4_inconclusive_lifted,122.63173488995128,121.83996926337372,123.45818843469772,113.37981831885676,112.68381579040219,114.09584799623381,-7.54447173025572,-8.358503559232858,-6.725775548502522,122.21761334775633,112.88548767563819,100
interval_det_sign/d7_conclusive_lifted,1386.706377576674,1378.099866578672,1395.1838117541338,1366.2056554016742,1355.1503543447845,1377.0064881531555,-1.4783751273161116,-2.4863817122085923,-0.4628356885829554,1390.622430598787,1370.7321521412716,100
linear_form_d4/dot_bounded_inconclusive,29.143221569520236,29.073137144639134,29.214595645633086,28.28161352323622,28.18680190407053,28.38073333545823,-2.956461227969176,-3.3688002693474965,-2.532090142247325,29.109008879763188,28.215597465837515,100
linear_form_d4/dot_bounded_well_separated,32.25520836913349,32.17419952862405,32.339967852067865,31.469314884177106,31.40195746413582,31.538393049691976,-2.436485531150512,-2.7496604558763567,-2.1037267969105424,32.15992371942752,31.47051536930318,100
linear_form_d4/dot_difference_bounded_inconclusive,74.18501231872975,74.0782319623326,74.29057506702074,73.27401561735945,73.1641697343021,73.40549961936324,-1.2280064030403826,-1.4382006656510853,-1.0044530678674515,74.13193721644296,73.22098165728298,100
linear_form_d4/dot_difference_bounded_well_separated,65.0776557034597,64.90195323289237,65.25187533251456,63.84446780632362,63.655782943629774,64.12155280885436,-1.8949482488357594,-2.2901180578106795,-1.38612949949413,65.10202820186124,63.72732613939709,100
linear_form_d4/dot_plain_well_separated,0.6959815468763045,0.6950088881557019,0.6969837575103357,0.6977266492604892,0.6957232704056345,0.6998329885403906,0.2507397490661978,-0.08060143939663976,0.6004787320133863,0.6958248181652256,0.6972287777359845,100
rational_input_d5/det_row_cleared_bareiss,2135.2134905372363,2130.8894307348505,2139.630123759577,2156.088561337953,2150.5284909801335,2161.663313774528,0.9776573112351361,0.6588511504283273,1.328308731584649,2133.254905846879,2153.8465128434887,100
rational_input_d5/solve_row_cleared_bareiss,9582.322345610259,9560.959222349562,9603.451218838256,10061.105840864302,10036.597207709041,10085.99907880138,4.996528795270372,4.656150423146011,5.354679439137073,9590.11899540518,10043.124013157896,100
