case,before_mean_ns,after_mean_ns,before_median_ns,after_median_ns,before_mean_lower_ns,before_mean_upper_ns,after_mean_lower_ns,after_mean_upper_ns,mean_change_percent,criterion_change_lower_percent,criterion_change_upper_percent
predicates/exact_fallback/insphere_lifted_2d,1327.7423095170225,1293.4019488108954,1328.315176128672,1292.2206399667803,1324.6577371992835,1330.8782359432844,1288.912995881867,1297.6845453960254,-2.586372405246218,-2.9859163204073558,-2.1837142228526063
predicates/exact_fallback/insphere_lifted_3d,2449.558651358158,2474.0727172304787,2438.2732398843154,2368.210466551529,2440.195028704046,2459.209168507783,2431.513833602301,2518.8201951018796,1.0007543954388964,-0.7614890605537106,2.941966274336316
predicates/exact_fallback/insphere_lifted_4d,4735.848633987666,4578.689051213065,4731.263761938544,4561.54299729151,4723.093005028904,4749.209462959931,4559.307722463413,4599.549962188968,-3.318509414484183,-3.7755176629661547,-2.7866829201671717
predicates/hot/insphere_lifted_2d/10000,1091782.2189370529,915555.303079766,1091563.7607323232,916634.8928571428,1089781.0489809199,1093948.8169213063,913080.5708837904,918229.2576167332,-16.14121505192303,-16.40900078012838,-15.864097344797623
predicates/hot/insphere_lifted_3d/10000,2135132.5793333333,1763852.7094444444,2132495.8666666667,1750796.277777778,2127193.2720000003,2145239.0351,1742071.6303055552,1796873.8694444438,-17.389078012420946,-18.472868609247595,-15.719411792965587
predicates/hot/insphere_lifted_4d/10000,10621865.4125,9527940.5225,9836812.5,8799151.0,10280766.0425,10977563.135,9196026.2218125,9887635.77575,-10.298802023161102,-14.18636186351061,-6.15940060205018
predicates/hot/insphere_lifted_5d/10000,17876836.46,15737376.705,17863041.5,15740666.5,17821491.224875,17932462.27775,15672056.688,15800640.182625001,-11.967776064781432,-12.400670920566693,-11.550492233022903
realization_narrow_phase/single_shared_vertex/2d,108.43711583350739,112.30691309600809,105.74609513667022,91.32465857274106,106.61400304096738,110.34965422898055,107.4814244950515,117.02540543691947,3.5687017611592653,-0.761609404153496,8.168194981724808
realization_narrow_phase/single_shared_vertex/3d,161.96036183688423,158.74423388296591,162.04113097358507,157.34280953262203,161.61842595753154,162.30800994474137,157.4964722228155,160.5743928426667,-1.9857500424439567,-2.78198048984285,-0.8008128847975526
realization_narrow_phase/single_shared_vertex/4d,1358.1186133036954,1329.2320142848391,1358.2971975975745,1328.4977611540112,1354.1366986218543,1361.938608902931,1325.777116805026,1332.828255178729,-2.126957007723207,-2.54372800760716,-1.713906609638538
realization_narrow_phase/single_shared_vertex/5d,2165.838589673327,2168.990191142236,2159.508669765076,2166.6496746411485,2157.6645312665623,2174.2536588410553,2161.6263340905375,2176.441746880241,0.14551414329468937,-0.336222985407042,0.6449570813795713
realization_validation/2d/500v,6508290.092,6715989.322000001,6510633.3,6709566.6,6494678.275999999,6522831.4805,6700476.900000002,6732611.1864,3.1913025858405497,2.817185495789243,3.5186547073293495
realization_validation/3d/20v,114100974.55,117805279.57,113839937.5,117783583.0,113716581.64050001,114619546.828,117584311.797,118028512.52,3.2465147949956696,2.6923093217801286,3.6438262052188586
realization_validation/4d/10v,116106915.43,119916339.64,115956771.0,120061583.0,115810857.84924999,116406405.0,119634172.95,120204053.35,3.2809623749729733,2.8762317761830802,3.6336816851707976
realization_validation/5d/8v,17383190.195,18110131.29,17357791.75,17904177.25,17345214.022375003,17421887.578750003,18006585.4995,18221622.755,4.181862401810976,3.5663038271445346,4.867279399489166
